timestamp_utc,packet_index,mode,selected_icao,status,icao_result,attempted_decryptions,total_packet_ms,packet_hex
2026-04-15T18:12:28.957Z,1,recv,A58B4D,UNKNOWN,000000,5,6.528905,8EA58B4D3C690684AC13629F7874
2026-04-15T18:12:29.056Z,2,recv,D411A5,ENCRYPTED,7C1D2E,3,1.576754,8DD411A5AE41624BC76E51FEAEB0
2026-04-15T18:12:29.160Z,3,recv,A58B4D,UNKNOWN,000000,5,3.640428,8CA58B4D474DD2195BA1195EF1BC
2026-04-15T18:12:29.260Z,4,recv,D411A5,ENCRYPTED,7C1D2E,3,2.810365,8FD411A57536238C191DB9FA3939
2026-04-15T18:12:29.364Z,5,recv,A1B2C3,UNKNOWN,000000,5,4.124923,89A1B2C35D3E98E89222D70783B2
2026-04-15T18:12:29.465Z,6,recv,A58B4D,UNKNOWN,000000,5,4.100399,89A58B4D885F2594B89D4105A801
2026-04-15T18:12:29.565Z,7,recv,959629,UNKNOWN,000000,5,3.601633,8A959629C1E0342627B5CD7AEB7F
2026-04-15T18:12:29.665Z,8,recv,45AB3C,UNKNOWN,000000,5,3.801185,8D45AB3C418643D26ADE6C869C23
2026-04-15T18:12:29.766Z,9,recv,A58B4D,UNKNOWN,000000,5,3.901793,89A58B4D721043209ACD3AB487F1
2026-04-15T18:12:29.866Z,10,recv,7C1D2E,UNKNOWN,000000,5,3.778169,897C1D2E4994F416411AC4219AF0
2026-04-15T18:12:29.966Z,11,recv,45AB3C,UNKNOWN,000000,5,3.466164,8E45AB3C389044871DF0DC1E9A65
2026-04-15T18:12:30.066Z,12,recv,CA2043,ENCRYPTED,7C1D2E,3,2.426481,8ECA2043BA587122315A6E17C633
2026-04-15T18:12:30.168Z,13,recv,A1B2C3,UNKNOWN,000000,5,3.689324,89A1B2C3B39BF7FC1F698D21A7A8
2026-04-15T18:12:30.267Z,14,recv,A26884,ENCRYPTED,A1B2C3,2,1.776567,8AA26884681541FA88E45A9B486A
2026-04-15T18:12:30.369Z,15,recv,A58B4D,UNKNOWN,000000,5,3.879647,8EA58B4D410310D746814F139B4F
2026-04-15T18:12:30.470Z,16,recv,C0FFEE,UNKNOWN,000000,5,3.922558,8BC0FFEE4BC6D2D2BDE78310719C
2026-04-15T18:12:30.569Z,17,recv,A26884,ENCRYPTED,A1B2C3,2,1.865027,8AA26884EAA1DE364264AA059395
2026-04-15T18:12:30.671Z,18,recv,A26884,ENCRYPTED,A1B2C3,2,1.949746,8BA268844538BAE6889D9569160F
2026-04-15T18:12:30.772Z,19,recv,A26884,ENCRYPTED,A1B2C3,2,2.288756,8CA268842D6A90154F450B12171C
2026-04-15T18:12:30.875Z,20,recv,45AB3C,UNKNOWN,000000,5,4.587878,8E45AB3C6DA20B7C486A17D091B2
2026-04-15T18:12:30.975Z,21,recv,96C27F,ENCRYPTED,C0FFEE,4,3.794551,8D96C27FB8DB72710847168F9D63
2026-04-15T18:12:31.076Z,22,recv,45AB3C,UNKNOWN,000000,5,3.963744,8C45AB3CE7A2980C12CEEB889CF6
2026-04-15T18:12:31.177Z,23,recv,959629,ENCRYPTED,A58B4D,5,3.740335,8C9596296ECB5CEEA13792FCB9C0
2026-04-15T18:12:31.275Z,24,recv,BA9CA7,ENCRYPTED,45AB3C,1,1.195749,8DBA9CA70F4F0EBA95CF9C11732B
2026-04-15T18:12:31.379Z,25,recv,A58B4D,UNKNOWN,000000,5,4.727199,8EA58B4DD333A7F0C2FF0815D6E2
2026-04-15T18:12:31.479Z,26,recv,A1B2C3,UNKNOWN,000000,5,4.032004,8DA1B2C391E0BAF8F726CA4A1193
2026-04-15T18:12:31.580Z,27,recv,CA2043,ENCRYPTED,7C1D2E,3,3.423113,89CA2043FA5AD015D144C9A312A7
2026-04-15T18:12:31.681Z,28,recv,A58B4D,UNKNOWN,000000,5,3.955738,8FA58B4D8D89F93BBF37543A1EA9
2026-04-15T18:12:31.780Z,29,recv,CA2043,ENCRYPTED,7C1D2E,3,2.288898,89CA204386078E7BA7D298D36464
2026-04-15T18:12:31.883Z,30,recv,959629,ENCRYPTED,A58B4D,5,3.794528,8A9596294531CF1D1AFF6D9E7AF3
2026-04-15T18:12:31.984Z,31,recv,A58B4D,UNKNOWN,000000,5,4.010899,8BA58B4D882EBBFDA4F55B4B2FE4
2026-04-15T18:12:32.084Z,32,recv,A58B4D,UNKNOWN,000000,5,3.867190,8DA58B4D35E46776E4041028B80A
2026-04-15T18:12:32.185Z,33,recv,C0FFEE,UNKNOWN,000000,5,4.150172,89C0FFEE8B2B43AAD23F55181085
2026-04-15T18:12:32.285Z,34,recv,A58B4D,UNKNOWN,000000,5,3.716800,8AA58B4D7EF35A356981EA9927E8
2026-04-15T18:12:32.385Z,35,recv,45AB3C,UNKNOWN,000000,5,3.895764,8845AB3C0C998900C81BE0FA6CBF
2026-04-15T18:12:32.485Z,36,recv,CA2043,ENCRYPTED,7C1D2E,3,2.428029,8FCA20435A1767DFD05E4B0D59BD
2026-04-15T18:12:32.586Z,37,recv,BA9CA7,ENCRYPTED,45AB3C,1,1.175676,8DBA9CA77569512055D3864E0F97
2026-04-15T18:12:32.689Z,38,recv,45AB3C,UNKNOWN,000000,5,3.859573,8A45AB3CE6E905CB943F168A5424
2026-04-15T18:12:32.788Z,39,recv,A26884,ENCRYPTED,A1B2C3,2,1.897690,8CA26884769936B89187D8A4873C
2026-04-15T18:12:32.889Z,40,recv,BA9CA7,ENCRYPTED,45AB3C,1,1.218535,8FBA9CA78FA92D27BF1C2C1AE02A
2026-04-15T18:12:32.991Z,41,recv,A26884,ENCRYPTED,A1B2C3,2,1.925953,8AA268849ED77CB83F20D4F59125
2026-04-15T18:12:33.094Z,42,recv,959629,ENCRYPTED,A58B4D,5,3.724131,8E9596293BD37B34BBD4D27C9CD9
2026-04-15T18:12:33.195Z,43,recv,45AB3C,UNKNOWN,000000,5,4.460556,8B45AB3CA0B4E490DCA13BF19600
2026-04-15T18:12:33.295Z,44,recv,96C27F,ENCRYPTED,C0FFEE,4,3.393386,8E96C27FA05FB2B9D5E74F92BCB5
2026-04-15T18:12:33.396Z,45,recv,45AB3C,UNKNOWN,000000,5,4.350829,8B45AB3CBF7089878D57DDC04379
2026-04-15T18:12:33.494Z,46,recv,BA9CA7,ENCRYPTED,45AB3C,1,1.291515,8EBA9CA7A722D1476E521116CA72
2026-04-15T18:12:33.598Z,47,recv,C0FFEE,UNKNOWN,000000,5,4.114907,89C0FFEE7BE8E2C272ECA8C43AF1
2026-04-15T18:12:33.696Z,48,recv,BA9CA7,ENCRYPTED,45AB3C,1,1.442420,8DBA9CA7231D9C84CC53648FD09C
2026-04-15T18:12:33.798Z,49,recv,A26884,ENCRYPTED,A1B2C3,2,2.082717,88A26884237EA7C31F748A0443AF
2026-04-15T18:12:33.899Z,50,recv,A26884,ENCRYPTED,A1B2C3,2,1.888833,8AA268846C6BAEF6525F5D5F4521
2026-04-15T18:12:34.003Z,51,recv,959629,ENCRYPTED,A58B4D,5,4.199770,8F959629AC02F81521C1CD50B2A2
2026-04-15T18:12:34.101Z,52,recv,BA9CA7,ENCRYPTED,45AB3C,1,1.178806,8ABA9CA7FEFD475992DE91EAAEB0
2026-04-15T18:12:34.203Z,53,recv,BA9CA7,ENCRYPTED,45AB3C,1,1.396686,89BA9CA78CEB8DE149241F3B5259
2026-04-15T18:12:34.305Z,54,recv,A26884,ENCRYPTED,A1B2C3,2,2.068395,8FA26884331CB93DE3C5C4A58C5D
2026-04-15T18:12:34.408Z,55,recv,BD5B14,UNKNOWN,000000,5,4.082938,8ABD5B14DE1151BB1B837C887AD7
2026-04-15T18:12:34.508Z,56,recv,A1B2C3,UNKNOWN,000000,5,4.184910,8AA1B2C3562A1F5DAE5125A44965
2026-04-15T18:12:34.610Z,57,recv,8B5D01,UNKNOWN,000000,5,3.920242,888B5D01595FE951B6A3B2108038
2026-04-15T18:12:34.710Z,58,recv,A1B2C3,UNKNOWN,000000,5,4.318977,8BA1B2C367F65C148AEFA59CAD94
2026-04-15T18:12:34.811Z,59,recv,BD5B14,UNKNOWN,000000,5,3.952930,8FBD5B146A7C1B58E8ED43E17D32
2026-04-15T18:12:34.911Z,60,recv,45AB3C,UNKNOWN,000000,5,4.004218,8D45AB3C11DC1BBDD779CE48A25F
2026-04-15T18:12:35.011Z,61,recv,45AB3C,UNKNOWN,000000,5,3.424809,8F45AB3C9D2FFC51405D4B5614D4
2026-04-15T18:12:35.112Z,62,recv,45AB3C,UNKNOWN,000000,5,4.242932,8845AB3C4E2575A624F1658036D1
2026-04-15T18:12:35.213Z,63,recv,A58B4D,UNKNOWN,000000,5,4.108122,8CA58B4D309BCDE8FB721B3CC2EC
2026-04-15T18:12:35.311Z,64,recv,E6D51E,ENCRYPTED,45AB3C,1,1.341569,8DE6D51E5AFE05C86973ADA750A1
2026-04-15T18:12:35.414Z,65,recv,45AB3C,UNKNOWN,000000,5,3.762728,8E45AB3C400715122155893EACAD
2026-04-15T18:12:35.516Z,66,recv,725D12,ENCRYPTED,A58B4D,5,3.961446,8B725D12936054821A6745E6BC57
2026-04-15T18:12:35.616Z,67,recv,BD5B14,ENCRYPTED,C0FFEE,4,3.411203,8DBD5B14D23AB80E81012F9B1574
2026-04-15T18:12:35.718Z,68,recv,A1B2C3,UNKNOWN,000000,5,3.798715,8DA1B2C392472E5A1491B37CD113
2026-04-15T18:12:35.818Z,69,recv,C0FFEE,UNKNOWN,000000,5,3.790759,88C0FFEEF982213C64A2EAD2219E
2026-04-15T18:12:35.919Z,70,recv,45AB3C,UNKNOWN,000000,5,4.271942,8A45AB3CD22DC0BBAE2A96C6B7D9
2026-04-15T18:12:36.021Z,71,recv,BFCC77,ENCRYPTED,A1B2C3,2,2.529380,8DBFCC77495DDCFFD89903D8C791
2026-04-15T18:12:36.118Z,72,recv,45AB3C,UNKNOWN,000000,5,2.182997,8945AB3C8EF18BC79F3469C38E22
2026-04-15T18:12:36.221Z,73,recv,725D12,ENCRYPTED,A58B4D,5,4.034853,8C725D128DF1D31418D7A66A406E
2026-04-15T18:12:36.322Z,74,recv,7C1D2E,UNKNOWN,000000,5,3.708721,897C1D2E636CDC8343D03C74B680
2026-04-15T18:12:36.422Z,75,recv,8B5D01,ENCRYPTED,7C1D2E,3,2.686538,8C8B5D019063CDD84D13D7A5C957
2026-04-15T18:12:36.524Z,76,recv,A58B4D,UNKNOWN,000000,5,3.783448,8AA58B4D4100244E2F651E765728
2026-04-15T18:12:36.624Z,77,recv,C0FFEE,UNKNOWN,000000,5,3.686357,8FC0FFEE8B63B5EE245D908F92B6
2026-04-15T18:12:36.723Z,78,recv,E6D51E,ENCRYPTED,45AB3C,1,1.217510,8AE6D51E76C4FBF3616B25BBF9D6
2026-04-15T18:12:36.826Z,79,recv,45AB3C,UNKNOWN,000000,5,4.533011,8D45AB3CD194CB116801F38EF2F4
2026-04-15T18:12:36.927Z,80,recv,7C1D2E,UNKNOWN,000000,5,4.499555,8F7C1D2E51FAF6570F982AE454FD
2026-04-15T18:12:37.027Z,81,recv,45AB3C,UNKNOWN,000000,5,3.971288,8945AB3CEC5E7E331C60D1E02ADE
2026-04-15T18:12:37.125Z,82,recv,E6D51E,ENCRYPTED,45AB3C,1,1.175889,8BE6D51EC616D84B4041ED56360F
2026-04-15T18:12:37.229Z,83,recv,45AB3C,UNKNOWN,000000,5,3.991295,8D45AB3C730F63F57E42DFB3723B
2026-04-15T18:12:37.329Z,84,recv,A58B4D,UNKNOWN,000000,5,3.867213,8FA58B4D5546281FC3DC13E25884
2026-04-15T18:12:37.430Z,85,recv,A1B2C3,UNKNOWN,000000,5,3.871124,8EA1B2C3FB8C0832B2B370AD591D
2026-04-15T18:12:37.530Z,86,recv,C0FFEE,UNKNOWN,000000,5,3.941859,8AC0FFEEDFA925A9623A6AACDA2A
2026-04-15T18:12:37.630Z,87,recv,BFCC77,ENCRYPTED,A1B2C3,2,2.040626,8ABFCC779DA989E6D943FD2AF4D2
2026-04-15T18:12:37.732Z,88,recv,A58B4D,UNKNOWN,000000,5,3.973667,8BA58B4D68EB8C07DF1EDDE51261
2026-04-15T18:12:37.832Z,89,recv,A1B2C3,UNKNOWN,000000,5,3.825636,8FA1B2C39FEEC89A45BE6BA32653
2026-04-15T18:12:37.933Z,90,recv,A1B2C3,UNKNOWN,000000,5,3.878687,8FA1B2C3792F551DAA997E00B4DD
2026-04-15T18:12:38.033Z,91,recv,45AB3C,UNKNOWN,000000,5,3.978939,8D45AB3C6AC3307A108AFDA67F19
2026-04-15T18:12:38.132Z,92,recv,E6D51E,ENCRYPTED,45AB3C,1,1.202986,8AE6D51E84BAB2A8081E85EAEDC5
2026-04-15T18:12:38.235Z,93,recv,A1B2C3,UNKNOWN,000000,5,3.700370,8CA1B2C3599C2D34C15C25200426
2026-04-15T18:12:38.335Z,94,recv,7C1D2E,UNKNOWN,000000,5,3.744255,8E7C1D2EFE06B11EA8258CC4A434
2026-04-15T18:12:38.436Z,95,recv,C0FFEE,UNKNOWN,000000,5,3.768066,89C0FFEEC0E5F61D4DCC9D6E25CE
2026-04-15T18:12:38.535Z,96,recv,BFCC77,ENCRYPTED,A1B2C3,2,1.871458,8DBFCC777FC89A3643E35D2A7C7E
2026-04-15T18:12:38.638Z,97,recv,C0FFEE,UNKNOWN,000000,5,3.769563,8EC0FFEE6DE4CFB737D36B9DBFA6
2026-04-15T18:12:38.738Z,98,recv,A58B4D,UNKNOWN,000000,5,3.816024,8DA58B4D73DA14A0700CA4D5A79A
2026-04-15T18:12:38.838Z,99,recv,8B5D01,ENCRYPTED,7C1D2E,3,2.508706,8D8B5D01784F131590CBAA0EB9F6
2026-04-15T18:12:38.939Z,100,recv,BFCC77,ENCRYPTED,A1B2C3,2,2.001161,88BFCC77671B729B7221AFE720A5
2026-04-15T18:12:39.040Z,101,recv,E6D51E,ENCRYPTED,45AB3C,1,1.202864,8EE6D51E121004FB34BCE5B1C80B
2026-04-15T18:12:39.143Z,102,recv,C0FFEE,UNKNOWN,000000,5,3.790265,8FC0FFEE50B6DA6E50CA71FED339
2026-04-15T18:12:39.244Z,103,recv,BD5B14,ENCRYPTED,C0FFEE,4,3.372344,8EBD5B145D3445574394300B68AE
2026-04-15T18:12:39.345Z,104,recv,7C1D2E,UNKNOWN,000000,5,3.907113,8E7C1D2E71548AC4E43D030E2EB2
2026-04-15T18:12:39.445Z,105,recv,45AB3C,UNKNOWN,000000,5,3.901579,8B45AB3C9464625C95B90F4C9C3D
2026-04-15T18:12:39.547Z,106,recv,A9BB20,UNKNOWN,000000,5,4.396555,8DA9BB2016E0FF608F630331554A
2026-04-15T18:12:39.647Z,107,recv,A58B4D,UNKNOWN,000000,5,4.150181,88A58B4DEFF7957FC2BF75B17689
2026-04-15T18:12:39.749Z,108,recv,A9BB20,UNKNOWN,000000,5,4.703255,8FA9BB20D91AF6914C7C108B50E8
2026-04-15T18:12:39.849Z,109,recv,45AB3C,UNKNOWN,000000,5,4.182372,8C45AB3CAE32FF3FEFC98BA025BF
2026-04-15T18:12:39.950Z,110,recv,C0FFEE,UNKNOWN,000000,5,4.187746,8CC0FFEEE8EAA31254ED66377E4D
2026-04-15T18:12:40.050Z,111,recv,A58B4D,UNKNOWN,000000,5,4.280007,8EA58B4DA28A8CE324D32AAAECCE
2026-04-15T18:12:40.149Z,112,recv,A9BB20,ENCRYPTED,A1B2C3,2,2.168911,8DA9BB207448B722D7DD578FEEB5
2026-04-15T18:12:40.251Z,113,recv,45AB3C,UNKNOWN,000000,5,3.809061,8A45AB3C6EFE43477F17C8636553
2026-04-15T18:12:40.352Z,114,recv,C952F5,ENCRYPTED,C0FFEE,4,3.242407,8BC952F54321F6CB197C3C4624ED
2026-04-15T18:12:40.451Z,115,recv,8BB77D,ENCRYPTED,45AB3C,1,1.106308,898BB77D7B57AB05CFB4658B70CC
2026-04-15T18:12:40.554Z,116,recv,C952F5,ENCRYPTED,C0FFEE,4,2.560544,8AC952F599DB427B516BE5522A13
2026-04-15T18:12:40.656Z,117,recv,7C1D2E,UNKNOWN,000000,5,3.785417,8B7C1D2E95B6E03AD29586868D91
2026-04-15T18:12:40.757Z,118,recv,45AB3C,UNKNOWN,000000,5,4.220159,8A45AB3C5E5DFF31F8DB3C0F529C
2026-04-15T18:12:40.858Z,119,recv,C952F5,ENCRYPTED,C0FFEE,4,3.449864,8BC952F5603BEF5E1293657F7723
2026-04-15T18:12:40.958Z,120,recv,C0FFEE,UNKNOWN,000000,5,3.884689,8DC0FFEE91394362854632C1C121
2026-04-15T18:12:41.059Z,121,recv,A58B4D,UNKNOWN,000000,5,3.724746,8FA58B4D742C20884F889CF743CA
2026-04-15T18:12:41.160Z,122,recv,7C1D2E,UNKNOWN,000000,5,4.172590,8A7C1D2EBA4AA3CCB0183AA379C5
2026-04-15T18:12:41.259Z,123,recv,A9BB20,ENCRYPTED,A1B2C3,2,2.015651,8DA9BB2087C6F2CECE286ACCEE22
2026-04-15T18:12:41.361Z,124,recv,A58B4D,UNKNOWN,000000,5,3.846611,8EA58B4DEEC26B5971F4587CF5EC
2026-04-15T18:12:41.461Z,125,recv,1532B4,ENCRYPTED,7C1D2E,3,2.507812,8D1532B4C6086284D5AF195591D0
2026-04-15T18:12:41.564Z,126,recv,6B6FEE,ENCRYPTED,A58B4D,5,3.832656,8F6B6FEECA13CEE3D55C708C81D4
2026-04-15T18:12:41.664Z,127,recv,45AB3C,UNKNOWN,000000,5,3.484993,8A45AB3C2BDF6619BB477F9FE554
2026-04-15T18:12:41.766Z,128,recv,6B6FEE,ENCRYPTED,A58B4D,5,4.156591,886B6FEE614DD54C4D67C9A090A2
2026-04-15T18:12:41.865Z,129,recv,A9BB20,ENCRYPTED,A1B2C3,2,2.168580,88A9BB202BA415D98F7833C31087
2026-04-15T18:12:41.968Z,130,recv,A58B4D,UNKNOWN,000000,5,4.698183,8FA58B4D9B23563FA1E3A0245E09
2026-04-15T18:12:42.069Z,131,recv,A58B4D,UNKNOWN,000000,5,4.579700,8AA58B4D0A4201DD0B44B2107604
2026-04-15T18:12:42.169Z,132,recv,C0FFEE,UNKNOWN,000000,5,4.367854,89C0FFEEDE0EED5FE9178AF1456F
2026-04-15T18:12:42.268Z,133,recv,1532B4,ENCRYPTED,7C1D2E,3,2.757446,891532B4B274B0407F6E49A27B49
2026-04-15T18:12:42.371Z,134,recv,7C1D2E,UNKNOWN,000000,5,4.618767,8D7C1D2EE8A1F6A0445E5932F97E
2026-04-15T18:12:42.471Z,135,recv,A1B2C3,UNKNOWN,000000,5,4.121198,8AA1B2C39FC1EAE13F55E3761DE1
2026-04-15T18:12:42.572Z,136,recv,A1B2C3,UNKNOWN,000000,5,4.225073,8BA1B2C3FC4F4B13D33FB8834AD8
2026-04-15T18:12:42.672Z,137,recv,1532B4,ENCRYPTED,7C1D2E,3,3.015759,8D1532B4BE25B848EDEE7211F841
2026-04-15T18:12:42.774Z,138,recv,A1B2C3,UNKNOWN,000000,5,4.258121,8FA1B2C33437B623CB77A3A12DB7
2026-04-15T18:12:42.874Z,139,recv,7C1D2E,UNKNOWN,000000,5,3.834338,8F7C1D2E7F6E2C9ED8AA621936DB
2026-04-15T18:12:42.974Z,140,recv,A58B4D,UNKNOWN,000000,5,3.981826,8DA58B4DAE9950A687C12B9F16CE
2026-04-15T18:12:43.074Z,141,recv,7C1D2E,UNKNOWN,000000,5,3.845954,8A7C1D2E4B56FE62EA8E724B23C5
2026-04-15T18:12:43.175Z,142,recv,C0FFEE,UNKNOWN,000000,5,3.940917,8AC0FFEEC58992111F8A2DD7C031
2026-04-15T18:12:43.275Z,143,recv,A58B4D,UNKNOWN,000000,5,3.867045,8EA58B4D26F812A032F1E3AA3493
2026-04-15T18:12:43.376Z,144,recv,C0FFEE,UNKNOWN,000000,5,4.081197,8DC0FFEEBDE0B97FC57E731895F0
2026-04-15T18:12:43.476Z,145,recv,A58B4D,UNKNOWN,000000,5,3.857366,8FA58B4D71955F1A3DF338EFD834
2026-04-15T18:12:43.577Z,146,recv,7C1D2E,UNKNOWN,000000,5,3.880818,897C1D2E1C18D39526D241DDD60C
2026-04-15T18:12:43.678Z,147,recv,7C1D2E,UNKNOWN,000000,5,3.852095,8C7C1D2E9BB9DE5410EE1A5C51C6
2026-04-15T18:12:43.778Z,148,recv,1532B4,ENCRYPTED,7C1D2E,3,2.453439,881532B494CAA1DF29A91FD4FB42
2026-04-15T18:12:43.879Z,149,recv,45AB3C,UNKNOWN,000000,5,3.834085,8B45AB3CD94584473FCC1215E6E8
2026-04-15T18:12:43.979Z,150,recv,A9BB20,ENCRYPTED,A1B2C3,2,1.825471,8BA9BB2075442D9EE1D738411296
2026-04-15T18:12:44.082Z,151,recv,7C1D2E,UNKNOWN,000000,5,4.826299,8A7C1D2E79EF3857408ECCC76415
2026-04-15T18:12:44.185Z,152,recv,C0FFEE,UNKNOWN,000000,5,7.232329,8AC0FFEEFAA4188B470DA940B2C6
2026-04-15T18:12:44.282Z,153,recv,6B6FEE,ENCRYPTED,A58B4D,5,3.679613,896B6FEED38096A3C5CC379F90B3
2026-04-15T18:12:44.381Z,154,recv,8BB77D,ENCRYPTED,45AB3C,1,1.185712,8A8BB77D946CFE4DDC703D5F9339
2026-04-15T18:12:44.485Z,155,recv,C0FFEE,UNKNOWN,000000,5,4.351057,8CC0FFEE3630EACF9D5BB4D62FC3
2026-04-15T18:12:44.585Z,156,recv,A1B2C3,UNKNOWN,000000,5,3.987170,8DA1B2C33910D30E8BF2CCD6D184
2026-04-15T18:12:44.686Z,157,recv,5A2DF5,UNKNOWN,000000,5,4.031434,8F5A2DF517B9D9ECF37D7F3BE3AE
2026-04-15T18:12:44.787Z,158,recv,A58B4D,UNKNOWN,000000,5,4.038131,8DA58B4D85F05784AE3BD56D9C12
2026-04-15T18:12:44.889Z,159,recv,C52161,UNKNOWN,000000,5,4.586694,8EC52161F1C7A3DF54F827CE2873
2026-04-15T18:12:44.990Z,160,recv,A58B4D,UNKNOWN,000000,5,5.650599,8CA58B4DABD87CF2FA40B6EA2CFA
2026-04-15T18:12:45.087Z,161,recv,F7A441,ENCRYPTED,45AB3C,1,1.402337,89F7A4410C49CBCF86EEC3C52BCF
2026-04-15T18:12:45.190Z,162,recv,C52161,ENCRYPTED,A1B2C3,2,2.495656,8AC52161B24906479BCD0AD81867
2026-04-15T18:12:45.292Z,163,recv,45AB3C,UNKNOWN,000000,5,3.903490,8C45AB3C2CF12B9ECF2A74047CF2
2026-04-15T18:12:45.390Z,164,recv,F7A441,ENCRYPTED,45AB3C,1,1.164100,8FF7A44190685E6291A6F304CC44
2026-04-15T18:12:45.494Z,165,recv,C0FFEE,UNKNOWN,000000,5,4.218445,8AC0FFEEC9FBF50ADD8F7584D260
2026-04-15T18:12:45.594Z,166,recv,38100A,ENCRYPTED,C0FFEE,4,3.160135,8C38100A86D02173EF745BE0347D
2026-04-15T18:12:45.696Z,167,recv,45AB3C,UNKNOWN,000000,5,4.851413,8A45AB3CCD3F0F08C7B80183F7D3
2026-04-15T18:12:45.796Z,168,recv,C0FFEE,UNKNOWN,000000,5,4.337804,8BC0FFEEFAB7A6B936DAB3F67773
2026-04-15T18:12:45.896Z,169,recv,A1B2C3,UNKNOWN,000000,5,4.027282,8BA1B2C3ECC5D1941823A3E5F80F
2026-04-15T18:12:45.997Z,170,recv,A1B2C3,UNKNOWN,000000,5,3.818889,8FA1B2C3241792EB47F44CD59C9F
2026-04-15T18:12:46.098Z,171,recv,A1B2C3,UNKNOWN,000000,5,4.538954,8CA1B2C339B0DE2CA1C6C46ACD01
2026-04-15T18:12:46.198Z,172,recv,A1B2C3,UNKNOWN,000000,5,4.367439,8DA1B2C39701AEA97D00623415F7
2026-04-15T18:12:46.298Z,173,recv,5A2DF5,ENCRYPTED,7C1D2E,3,2.748615,8C5A2DF54B021CB2FF8E094112EF
2026-04-15T18:12:46.400Z,174,recv,A58B4D,UNKNOWN,000000,5,4.127081,8EA58B4D1EDA912BB76DC6FD55E2
2026-04-15T18:12:46.499Z,175,recv,C52161,ENCRYPTED,A1B2C3,2,2.073610,8AC521617F53C0D05C528934E12A
2026-04-15T18:12:46.601Z,176,recv,45AB3C,UNKNOWN,000000,5,3.890576,8F45AB3CE5EF5633A9B5A916F47D
2026-04-15T18:12:46.702Z,177,recv,A1B2C3,UNKNOWN,000000,5,4.053972,8FA1B2C3CED8B76642F50B86144A
2026-04-15T18:12:46.801Z,178,recv,C52161,ENCRYPTED,A1B2C3,2,1.862919,8AC52161BCFAED9D2E32C48C1935
2026-04-15T18:12:46.903Z,179,recv,C0FFEE,UNKNOWN,000000,5,3.867157,8FC0FFEE15BC52A6EA0FF5C7A577
2026-04-15T18:12:47.003Z,180,recv,5A2DF5,ENCRYPTED,7C1D2E,3,2.693030,8A5A2DF56914EFE15CEB5288E70B
2026-04-15T18:12:47.106Z,181,recv,38100A,ENCRYPTED,C0FFEE,4,3.645699,8838100AB0ED360BFC2C6F3465C6
2026-04-15T18:12:47.207Z,182,recv,C65B17,ENCRYPTED,A58B4D,5,3.771463,8BC65B17E3566E64E0590A17ED6B
2026-04-15T18:12:47.308Z,183,recv,A58B4D,UNKNOWN,000000,5,3.869070,8BA58B4D3A26A8C427CE8EC30D01
2026-04-15T18:12:47.408Z,184,recv,45AB3C,UNKNOWN,000000,5,3.774819,8F45AB3C1C7B7961370F82A5D9A3
2026-04-15T18:12:47.510Z,185,recv,A58B4D,UNKNOWN,000000,5,4.641819,8FA58B4D5E507F1BA54D1B1F25DA
2026-04-15T18:12:47.610Z,186,recv,5A2DF5,ENCRYPTED,7C1D2E,3,3.465230,8D5A2DF5A4E17A515E3E4B3CFE24
2026-04-15T18:12:47.711Z,187,recv,45AB3C,UNKNOWN,000000,5,3.884774,8A45AB3CFC3CACE24729A8D12254
2026-04-15T18:12:47.811Z,188,recv,C0FFEE,UNKNOWN,000000,5,4.020505,89C0FFEE97C3685AEB5A8983EF30
2026-04-15T18:12:47.912Z,189,recv,C0FFEE,UNKNOWN,000000,5,3.927199,8BC0FFEE77D917D991A63DD2849C
2026-04-15T18:12:48.012Z,190,recv,45AB3C,UNKNOWN,000000,5,4.245740,8C45AB3C7ABC7DE67FD283680A1A
2026-04-15T18:12:48.113Z,191,recv,C0FFEE,UNKNOWN,000000,5,4.052776,8FC0FFEE0FC554287F0E0F484032
2026-04-15T18:12:48.214Z,192,recv,C65B17,ENCRYPTED,A58B4D,5,3.749119,8EC65B170A3AE4144401A23D7976
2026-04-15T18:12:48.315Z,193,recv,45AB3C,UNKNOWN,000000,5,4.185821,8C45AB3CD7E330885621C7C4F666
2026-04-15T18:12:48.414Z,194,recv,C52161,ENCRYPTED,A1B2C3,2,2.005949,8BC52161A35E0AAF30C70F28FB93
2026-04-15T18:12:48.517Z,195,recv,A58B4D,UNKNOWN,000000,5,4.176218,8CA58B4D5E3ACE5C2E4178781BC7
2026-04-15T18:12:48.617Z,196,recv,C0FFEE,UNKNOWN,000000,5,4.042632,8AC0FFEE7DCF35E1672CDB7F83F4
2026-04-15T18:12:48.717Z,197,recv,C0FFEE,UNKNOWN,000000,5,3.806556,8AC0FFEE6CDA9D18976ECCB12C4E
2026-04-15T18:12:48.817Z,198,recv,C52161,ENCRYPTED,A1B2C3,2,1.837362,8AC521610ED333155AF0498176F7
2026-04-15T18:12:48.917Z,199,recv,F7A441,ENCRYPTED,45AB3C,1,1.206627,8DF7A4415AA1715D5AFE25A27A2E
2026-04-15T18:12:49.020Z,200,recv,A1B2C3,UNKNOWN,000000,5,3.890431,8EA1B2C3A5B1F8A59D436AF56497
2026-04-15T18:12:49.120Z,201,recv,C52161,ENCRYPTED,A1B2C3,2,1.778464,8DC5216111C1B64092D92EF7E0C5
2026-04-15T18:12:49.222Z,202,recv,A58B4D,UNKNOWN,000000,5,3.962583,8EA58B4D4641F2512F1E8D984336
2026-04-15T18:12:49.323Z,203,recv,C65B17,ENCRYPTED,A58B4D,5,4.041479,8AC65B1764993ACB45C39C6CA81B
2026-04-15T18:12:49.424Z,204,recv,45AB3C,UNKNOWN,000000,5,4.231653,8B45AB3C97C2C6577E0C765855E0
2026-04-15T18:12:49.525Z,205,recv,EE2AF1,UNKNOWN,000000,5,3.823109,8AEE2AF118DB1AB4DEE9A661F280
2026-04-15T18:12:49.627Z,206,recv,5E533C,UNKNOWN,000000,5,3.762683,8F5E533C9EF078A7B30392D6CE7E
2026-04-15T18:12:49.729Z,207,recv,DFDC19,UNKNOWN,000000,5,4.866542,8DDFDC197487528BECF0611C4740
2026-04-15T18:12:49.829Z,208,recv,FEABCB,UNKNOWN,000000,5,3.589313,8FFEABCBE98A1D3874E59B3F1572
2026-04-15T18:12:49.930Z,209,recv,FEABCB,UNKNOWN,000000,5,3.623866,89FEABCB506821B707A12450F80C
2026-04-15T18:12:50.030Z,210,recv,FEABCB,ENCRYPTED,7C1D2E,3,2.214226,8CFEABCB3D5FE7423E2E71AAB1A3
2026-04-15T18:12:50.132Z,211,recv,A58B4D,UNKNOWN,000000,5,3.813212,8CA58B4D3CD0D17F14B5EB7E7C64
2026-04-15T18:12:50.233Z,212,recv,A58B4D,UNKNOWN,000000,5,3.849441,8AA58B4DC401899FC1E1586A188B
2026-04-15T18:12:50.333Z,213,recv,A1B2C3,UNKNOWN,000000,5,3.830192,8BA1B2C392F5931F7F627D1A0AFC
2026-04-15T18:12:50.433Z,214,recv,EE2AF1,ENCRYPTED,A1B2C3,2,1.873295,8BEE2AF13C0E333BB923D168CF6D
2026-04-15T18:12:50.535Z,215,recv,C0FFEE,UNKNOWN,000000,5,4.060385,8FC0FFEEE27D9399552ED3725864
2026-04-15T18:12:50.636Z,216,recv,A58B4D,UNKNOWN,000000,5,3.820795,8AA58B4D6771241769D0ABAB78DF
2026-04-15T18:12:50.736Z,217,recv,7C1D2E,UNKNOWN,000000,5,3.816243,8C7C1D2E637027DD08FE32FB2077
2026-04-15T18:12:50.836Z,218,recv,FEABCB,ENCRYPTED,7C1D2E,3,2.490795,8AFEABCB57B082C8F8FC240463D9
2026-04-15T18:12:50.938Z,219,recv,7C1D2E,UNKNOWN,000000,5,3.872017,8C7C1D2EA5BEEAAACE87E127F175
2026-04-15T18:12:51.038Z,220,recv,A1B2C3,UNKNOWN,000000,5,4.002248,8EA1B2C3131C270BE9F23F853075
2026-04-15T18:12:51.138Z,221,recv,45AB3C,UNKNOWN,000000,5,3.922687,8D45AB3CD8BE064329AE6DB4781E
2026-04-15T18:12:51.238Z,222,recv,FEABCB,ENCRYPTED,7C1D2E,3,2.343534,8AFEABCB737E4A2A6E816F6F86CD
2026-04-15T18:12:51.340Z,223,recv,FEABCB,ENCRYPTED,7C1D2E,3,2.645368,8BFEABCBA73EFC21C19AE12607D7
2026-04-15T18:12:51.442Z,224,recv,A58B4D,UNKNOWN,000000,5,4.102277,8EA58B4D4D6B55D636FBB5786B80
2026-04-15T18:12:51.542Z,225,recv,DFDC19,ENCRYPTED,C0FFEE,4,3.140693,89DFDC19AD963983EF2E8121C4BE
2026-04-15T18:12:51.643Z,226,recv,FEABCB,ENCRYPTED,7C1D2E,3,2.507890,8FFEABCBB94DA2C455D9B76725C5
2026-04-15T18:12:51.745Z,227,recv,DFDC19,ENCRYPTED,C0FFEE,4,3.506923,8BDFDC19C38AB92BB93045D63189
2026-04-15T18:12:51.846Z,228,recv,C0FFEE,UNKNOWN,000000,5,3.547145,88C0FFEE29A689CEF277CAC52D96
2026-04-15T18:12:51.947Z,229,recv,FEABCB,ENCRYPTED,7C1D2E,3,3.278810,8FFEABCB4A78077F91565EB4D27A
2026-04-15T18:12:52.047Z,230,recv,EE2AF1,ENCRYPTED,A1B2C3,2,1.630755,8DEE2AF1BF79C7BEC303153E5092
2026-04-15T18:12:52.150Z,231,recv,45AB3C,UNKNOWN,000000,5,3.948891,8C45AB3C2203E9FFF085D0E49B86
2026-04-15T18:12:52.250Z,232,recv,FEABCB,ENCRYPTED,7C1D2E,3,2.510294,8BFEABCB6FE400C56138B20696B9
2026-04-15T18:12:52.349Z,233,recv,5E533C,ENCRYPTED,45AB3C,1,1.176886,8B5E533C8EA417F270CE0A2A9416
2026-04-15T18:12:52.453Z,234,recv,A1B2C3,UNKNOWN,000000,5,3.854927,8DA1B2C386FF14C1DCE232F29506
2026-04-15T18:12:52.553Z,235,recv,FEABCB,ENCRYPTED,7C1D2E,3,2.551726,8AFEABCB72FC48B0F7B8FD377F4C
2026-04-15T18:12:52.652Z,236,recv,5E533C,ENCRYPTED,45AB3C,1,1.137727,8E5E533C10416B9F6EA1B9A0553A
2026-04-15T18:12:52.754Z,237,recv,EE2AF1,ENCRYPTED,A1B2C3,2,1.842252,8DEE2AF1B0CD893C197434FD75C2
2026-04-15T18:12:52.857Z,238,recv,7C1D2E,UNKNOWN,000000,5,3.770523,8A7C1D2E575D2957031278DBCE13
2026-04-15T18:12:52.957Z,239,recv,FEABCB,ENCRYPTED,7C1D2E,3,2.674844,8BFEABCB7164B35AA3350C049B07
2026-04-15T18:12:53.059Z,240,recv,FEABCB,ENCRYPTED,7C1D2E,3,2.890773,8DFEABCBF354EC3811E1DE4562B1
2026-04-15T18:12:53.160Z,241,recv,A1B2C3,UNKNOWN,000000,5,3.982770,8EA1B2C322AACEE8C11B47D85F85
2026-04-15T18:12:53.258Z,242,recv,5E533C,ENCRYPTED,45AB3C,1,1.150548,8E5E533C3A6E2C5507D5CDE61185
2026-04-15T18:12:53.362Z,243,recv,A1B2C3,UNKNOWN,000000,5,3.776885,8BA1B2C37958A2619167857FF5E6
2026-04-15T18:12:53.462Z,244,recv,C0FFEE,UNKNOWN,000000,5,3.816545,88C0FFEE3B2C23E58F45409A5855
2026-04-15T18:12:53.562Z,245,recv,EE2AF1,ENCRYPTED,A1B2C3,2,1.951416,89EE2AF18A327EEA473B2AADC3FD
2026-04-15T18:12:53.664Z,246,recv,45AB3C,UNKNOWN,000000,5,3.962735,8A45AB3C9E5F10D4E79332EE1750
2026-04-15T18:12:53.766Z,247,recv,6CA756,ENCRYPTED,A58B4D,5,3.850625,8C6CA75662B56D5E60B4A362D46B
2026-04-15T18:12:53.866Z,248,recv,A58B4D,UNKNOWN,000000,5,3.966164,88A58B4DD25376A03E30849C668D
2026-04-15T18:12:53.967Z,249,recv,7C1D2E,UNKNOWN,000000,5,3.978633,8C7C1D2E61FF5DB6D40909E61F3D
2026-04-15T18:12:54.067Z,250,recv,C0FFEE,UNKNOWN,000000,5,4.128579,88C0FFEE517F2A78F3892FA9D5AF
2026-04-15T18:12:54.167Z,251,recv,FEABCB,ENCRYPTED,7C1D2E,3,2.667129,8CFEABCB30A8CC3957D4AF9FB00D
2026-04-15T18:12:54.267Z,252,recv,5E533C,ENCRYPTED,45AB3C,1,1.388380,8C5E533CEDAA375B8B52F1D0FF85
2026-04-15T18:12:54.371Z,253,recv,FEABCB,ENCRYPTED,7C1D2E,3,3.074164,89FEABCB3C6AFA7E1D8F48DDF0A4
2026-04-15T18:12:54.473Z,254,recv,BA8F11,UNKNOWN,000000,5,4.519893,8BBA8F11D14ECE08929694141778
2026-04-15T18:12:54.574Z,255,recv,45AB3C,UNKNOWN,000000,5,4.593663,8845AB3C88235CE64968A5844244
2026-04-15T18:12:54.676Z,256,recv,9BED86,UNKNOWN,000000,5,4.983587,889BED86AC31AF0A7478976D0409
2026-04-15T18:12:54.776Z,257,recv,ADC53A,UNKNOWN,000000,5,3.969701,88ADC53A2C35DDE7CD33BCEAD659
2026-04-15T18:12:54.878Z,258,recv,BA8F11,UNKNOWN,000000,5,4.529258,8CBA8F116AFFB440EAF61FBBCEA1
2026-04-15T18:12:54.978Z,259,recv,D0FA5C,UNKNOWN,000000,5,3.860198,89D0FA5C371D83298345717A2AEA
2026-04-15T18:12:55.079Z,260,recv,C0FFEE,UNKNOWN,000000,5,4.169083,8FC0FFEE123FFDA27DC2A2E2C26C
2026-04-15T18:12:55.180Z,261,recv,45AB3C,UNKNOWN,000000,5,4.692972,8C45AB3C4B48B309AE09CD492BDF
2026-04-15T18:12:55.281Z,262,recv,BA8F11,ENCRYPTED,A58B4D,5,3.911454,8CBA8F11C850CC67EEFA98A5457C
2026-04-15T18:12:55.380Z,263,recv,9BED86,ENCRYPTED,45AB3C,1,1.179665,889BED8657617B2C59EAB156B206
2026-04-15T18:12:55.483Z,264,recv,A1B2C3,UNKNOWN,000000,5,4.260910,8DA1B2C3D7C440F97C6B977CC188
2026-04-15T18:12:55.582Z,265,recv,B780AA,ENCRYPTED,A1B2C3,2,1.917883,8EB780AA2C5D6E918879247F1FB4
2026-04-15T18:12:55.685Z,266,recv,A1B2C3,UNKNOWN,000000,5,3.711307,8BA1B2C3A1DB98F3967034D0E159
2026-04-15T18:12:55.785Z,267,recv,C0FFEE,UNKNOWN,000000,5,3.863085,8AC0FFEE19540E47D663C3EBFCEA
2026-04-15T18:12:55.884Z,268,recv,9BED86,ENCRYPTED,45AB3C,1,1.179691,8A9BED8699A6DFB25EF911B3B805
2026-04-15T18:12:55.987Z,269,recv,A1B2C3,UNKNOWN,000000,5,3.975735,8DA1B2C35AEA2218B23A22344371
2026-04-15T18:12:56.087Z,270,recv,C0FFEE,UNKNOWN,000000,5,3.460474,8FC0FFEE541978DE3B4EE6073D2C
2026-04-15T18:12:56.189Z,271,recv,BA8F11,ENCRYPTED,A58B4D,5,4.174704,8CBA8F118968200924252FBC55B0
2026-04-15T18:12:56.290Z,272,recv,45AB3C,UNKNOWN,000000,5,4.581604,8B45AB3CDDC65F2EA487FB27DC20
2026-04-15T18:12:56.390Z,273,recv,D0FA5C,ENCRYPTED,7C1D2E,3,2.852414,88D0FA5C326A81FCF734FE20D6B3
2026-04-15T18:12:56.491Z,274,recv,ADC53A,ENCRYPTED,C0FFEE,4,3.274575,88ADC53A086F2A12920190338DE6
2026-04-15T18:12:56.592Z,275,recv,7C1D2E,UNKNOWN,000000,5,4.177424,8C7C1D2EDE83C8D9EB4DBF0DBFEB
2026-04-15T18:12:56.693Z,276,recv,45AB3C,UNKNOWN,000000,5,4.063881,8B45AB3C6A1A76FF32A76B03DB01
2026-04-15T18:12:56.792Z,277,recv,D0FA5C,ENCRYPTED,7C1D2E,3,2.620006,8ED0FA5C0DA04F3AB155ED1352F7
2026-04-15T18:12:56.893Z,278,recv,B780AA,ENCRYPTED,A1B2C3,2,1.733372,8BB780AAD1FF3772F55EEE313761
2026-04-15T18:12:56.995Z,279,recv,45AB3C,UNKNOWN,000000,5,3.769607,8F45AB3C85C1B63EAAEFA129B756
2026-04-15T18:12:57.097Z,280,recv,BA8F11,ENCRYPTED,A58B4D,5,3.941711,8EBA8F119E9E5430CA280E736D11
2026-04-15T18:12:57.197Z,281,recv,C0FFEE,UNKNOWN,000000,5,3.830153,8AC0FFEEF5305A80B89F0B53D699
2026-04-15T18:12:57.298Z,282,recv,C0FFEE,UNKNOWN,000000,5,4.192387,89C0FFEE36F4899B7F27A04A399A
2026-04-15T18:12:57.398Z,283,recv,D0FA5C,ENCRYPTED,7C1D2E,3,2.574073,8AD0FA5CD14DEEBE3AF7866D33FB
2026-04-15T18:12:57.499Z,284,recv,B780AA,ENCRYPTED,A1B2C3,2,2.014166,8CB780AAA9EBBA3D9A8FE610EC44
2026-04-15T18:12:57.601Z,285,recv,D0FA5C,ENCRYPTED,7C1D2E,3,2.672025,89D0FA5CB0F8171EE6A6860DB438
2026-04-15T18:12:57.703Z,286,recv,A1B2C3,UNKNOWN,000000,5,3.962394,8FA1B2C39398442732EE6EAD75B9
2026-04-15T18:12:57.803Z,287,recv,A58B4D,UNKNOWN,000000,5,4.079429,8DA58B4D80088C1473945CA281E4
2026-04-15T18:12:57.904Z,288,recv,A58B4D,UNKNOWN,000000,5,3.922422,8AA58B4DEC001B0272BD4A096179
2026-04-15T18:12:58.002Z,289,recv,9BED86,ENCRYPTED,45AB3C,1,1.145553,8A9BED866A4D8FED665C2C0BC596
2026-04-15T18:12:58.106Z,290,recv,ADC53A,ENCRYPTED,C0FFEE,4,3.046747,8FADC53AA98408CB1FEEFE176E0D
2026-04-15T18:12:58.207Z,291,recv,ADC53A,ENCRYPTED,C0FFEE,4,3.508766,8FADC53A344EFF78FF30B7F0F7F6
2026-04-15T18:12:58.310Z,292,recv,ADC53A,ENCRYPTED,C0FFEE,4,4.070621,88ADC53A912D2ABAF86568FBA15C
2026-04-15T18:12:58.410Z,293,recv,C0FFEE,UNKNOWN,000000,5,3.739335,8AC0FFEE49927E612E7CF7BCE6BD
2026-04-15T18:12:58.510Z,294,recv,D0FA5C,ENCRYPTED,7C1D2E,3,2.501416,8AD0FA5CA446CC764827B505081A
2026-04-15T18:12:58.612Z,295,recv,D0FA5C,ENCRYPTED,7C1D2E,3,2.670676,8ED0FA5CF67404C7F4BEE625B1DE
2026-04-15T18:12:58.713Z,296,recv,D0FA5C,ENCRYPTED,7C1D2E,3,3.251407,8DD0FA5C915FD9DC1DFB3002FBCD
2026-04-15T18:12:58.826Z,297,recv,BA8F11,ENCRYPTED,A58B4D,5,14.016588,88BA8F11796EC04ED1F3D2E77B95
2026-04-15T18:12:58.913Z,298,recv,9BED86,ENCRYPTED,45AB3C,1,0.639262,8B9BED86A4D463801D2912F28869
2026-04-15T18:12:59.018Z,299,recv,A58B4D,UNKNOWN,000000,5,4.284499,8FA58B4D275FD948C28C9363ED1B
2026-04-15T18:12:59.118Z,300,recv,A1B2C3,UNKNOWN,000000,5,3.982262,8EA1B2C34A6515CF035737130B9E
2026-04-15T18:12:59.218Z,301,recv,A58B4D,UNKNOWN,000000,5,3.934160,8EA58B4DB4E31F3DA0614ECA85C4
2026-04-15T18:12:59.319Z,302,recv,A58B4D,UNKNOWN,000000,5,3.861365,89A58B4DCACDD599FC645661C354
2026-04-15T18:12:59.419Z,303,recv,C0FFEE,UNKNOWN,000000,5,3.875761,8DC0FFEEB63D8D3AC06A1032E203
2026-04-15T18:12:59.520Z,304,recv,C0FFEE,UNKNOWN,000000,5,3.870623,89C0FFEE3C57333E6C908CA59EA4
2026-04-15T18:12:59.620Z,305,recv,45AB3C,UNKNOWN,000000,5,3.810546,8C45AB3C3EDD65E0F873B0EDA6C5
2026-04-15T18:12:59.722Z,306,recv,CFAB7C,UNKNOWN,000000,5,3.916580,8ACFAB7CF42CD419CCA97C56904F
2026-04-15T18:12:59.822Z,307,recv,7C1D2E,UNKNOWN,000000,5,3.952699,8C7C1D2E83FF37ABBADC50700CDD
2026-04-15T18:12:59.924Z,308,recv,281037,UNKNOWN,000000,5,3.834075,882810372D730E2A4FB7D846EBB5
2026-04-15T18:13:00.024Z,309,recv,A1B2C3,UNKNOWN,000000,5,3.735405,8CA1B2C3D02D80F9467D6728914A
2026-04-15T18:13:00.126Z,310,recv,546603,ENCRYPTED,A58B4D,5,4.691937,8A54660377778CD8AA246D260ACB
2026-04-15T18:13:00.227Z,311,recv,45AB3C,UNKNOWN,000000,5,4.541242,8C45AB3CCE0CBA0D15814AB4DEC0
2026-04-15T18:13:00.326Z,312,recv,C0FFEE,UNKNOWN,000000,5,3.638914,8BC0FFEECDB8B219D007706D51C2
2026-04-15T18:13:00.427Z,313,recv,546603,ENCRYPTED,A58B4D,5,3.800388,89546603BB3B94D7A32DEBE12430
2026-04-15T18:13:00.528Z,314,recv,45AB3C,UNKNOWN,000000,5,3.882752,8C45AB3CB3623C339836388C7F07
2026-04-15T18:13:00.629Z,315,recv,7C1D2E,UNKNOWN,000000,5,3.958745,8A7C1D2E9D4296F602F962C544E5
2026-04-15T18:13:00.730Z,316,recv,546603,ENCRYPTED,A58B4D,5,4.296273,8B546603BEA9CC35C53B393B029F
2026-04-15T18:13:00.831Z,317,recv,A58B4D,UNKNOWN,000000,5,4.654363,8EA58B4D65235B192C00C809D681
2026-04-15T18:13:00.932Z,318,recv,C0FFEE,UNKNOWN,000000,5,4.787251,8AC0FFEEA4D5CBA1A3FBEDD54B3E
2026-04-15T18:13:01.031Z,319,recv,A58B4D,UNKNOWN,000000,5,3.665223,8EA58B4D5146A6BE410672E5CFD6
2026-04-15T18:13:01.132Z,320,recv,91F980,ENCRYPTED,C0FFEE,4,3.193924,8F91F980940C40C46984816998D3
2026-04-15T18:13:01.233Z,321,recv,7C1D2E,UNKNOWN,000000,5,4.196006,887C1D2E786B1323BFCAB26D9862
2026-04-15T18:13:01.333Z,322,recv,C0FFEE,UNKNOWN,000000,5,3.798184,88C0FFEEC2DC2F9FB1E2E85C5E22
2026-04-15T18:13:01.433Z,323,recv,281037,ENCRYPTED,45AB3C,1,1.259737,8C2810377390A46C3BC567B59D19
2026-04-15T18:13:01.536Z,324,recv,A58B4D,UNKNOWN,000000,5,4.540375,89A58B4DC420621D4EC5E1F04658
2026-04-15T18:13:01.636Z,325,recv,C0FFEE,UNKNOWN,000000,5,3.905186,88C0FFEE151A78DE0583227CBB28
2026-04-15T18:13:01.736Z,326,recv,CFAB7C,ENCRYPTED,A1B2C3,2,1.942332,88CFAB7C863415F1552EF2988932
2026-04-15T18:13:01.837Z,327,recv,CFAB7C,ENCRYPTED,A1B2C3,2,1.934154,8ECFAB7C8423C3BB6F5F12B2C147
2026-04-15T18:13:01.937Z,328,recv,281037,ENCRYPTED,45AB3C,1,1.176008,8A281037145D0E5C4E03B00B06AD
2026-04-15T18:13:02.040Z,329,recv,F9010A,ENCRYPTED,7C1D2E,3,2.623843,8DF9010A59AEAC3D9F974E6B22E9
2026-04-15T18:13:02.142Z,330,recv,F9010A,ENCRYPTED,7C1D2E,3,2.484898,88F9010A0D336F04D622E2BD997D
2026-04-15T18:13:02.243Z,331,recv,45AB3C,UNKNOWN,000000,5,4.012070,8945AB3C75E7B00CE3F16114062B
2026-04-15T18:13:02.345Z,332,recv,546603,ENCRYPTED,A58B4D,5,4.132673,8D54660310D35E0D6C0D24D1A6C5
2026-04-15T18:13:02.444Z,333,recv,F9010A,ENCRYPTED,7C1D2E,3,2.605882,8DF9010A5C587DA6FFFB91C848B9
2026-04-15T18:13:02.545Z,334,recv,CFAB7C,ENCRYPTED,A1B2C3,2,2.139906,8DCFAB7C241AD3444F64D271E529
2026-04-15T18:13:02.647Z,335,recv,F9010A,ENCRYPTED,7C1D2E,3,2.812026,8FF9010A3626235D56CB4576C0B7
2026-04-15T18:13:02.747Z,336,recv,281037,ENCRYPTED,45AB3C,1,1.112884,8928103708A952EC0A4C5961BDAC
2026-04-15T18:13:02.850Z,337,recv,91F980,ENCRYPTED,C0FFEE,4,3.181671,8891F9803C90B412DB3CA074EF67
2026-04-15T18:13:02.951Z,338,recv,C0FFEE,UNKNOWN,000000,5,3.858400,8AC0FFEE80EF94CCC5D1C74A22A5
2026-04-15T18:13:03.052Z,339,recv,A1B2C3,UNKNOWN,000000,5,3.883970,8DA1B2C367A03E32298A21E29797
2026-04-15T18:13:03.153Z,340,recv,C0FFEE,UNKNOWN,000000,5,3.953882,8AC0FFEEAC68BB5F30B33167E238
2026-04-15T18:13:03.253Z,341,recv,91F980,ENCRYPTED,C0FFEE,4,3.153108,8C91F9803BA6271EF3366734DCD9
2026-04-15T18:13:03.354Z,342,recv,A1B2C3,UNKNOWN,000000,5,3.758582,8CA1B2C3B5D229AEE4A8FE83DF1C
2026-04-15T18:13:03.456Z,343,recv,45AB3C,UNKNOWN,000000,5,4.427164,8D45AB3CB1D4B1848F0F76AA13F7
2026-04-15T18:13:03.555Z,344,recv,546603,ENCRYPTED,A58B4D,5,3.260733,885466033DCCA166E5D551E8110C
2026-04-15T18:13:03.655Z,345,recv,CFAB7C,ENCRYPTED,A1B2C3,2,1.570466,8BCFAB7CCFCFC4FB88B3B6599AA9
2026-04-15T18:13:03.758Z,346,recv,7C1D2E,UNKNOWN,000000,5,3.684063,8D7C1D2EED3635453B66D7B2A20C
2026-04-15T18:13:03.859Z,347,recv,A1B2C3,UNKNOWN,000000,5,4.082361,89A1B2C38CD3F4FA201116A4F498
2026-04-15T18:13:03.959Z,348,recv,C0FFEE,UNKNOWN,000000,5,4.143291,8BC0FFEEF730E70DBDD4B4E6DC9C
2026-04-15T18:13:04.059Z,349,recv,C0FFEE,UNKNOWN,000000,5,3.770210,8FC0FFEEB93C45C695CC6014D0FA
2026-04-15T18:13:04.159Z,350,recv,A1B2C3,UNKNOWN,000000,5,3.442759,8CA1B2C3EF4A607F38C76E483F71
2026-04-15T18:13:04.260Z,351,recv,A1B2C3,UNKNOWN,000000,5,3.531989,8EA1B2C34BF58EDA03A1DB8BDEDF
2026-04-15T18:13:04.361Z,352,recv,A1B2C3,UNKNOWN,000000,5,4.159307,89A1B2C35BD4C50488F8B76AD7BC
2026-04-15T18:13:04.462Z,353,recv,7C1D2E,UNKNOWN,000000,5,4.380745,8F7C1D2EDBF9A7A66AD03C090C2B
2026-04-15T18:13:04.562Z,354,recv,C3E5F1,UNKNOWN,000000,5,3.468305,8AC3E5F18FADE629F084228D6097
2026-04-15T18:13:04.664Z,355,recv,3FE91E,UNKNOWN,000000,5,3.764537,8D3FE91EE102F1690F7218B4C86C
2026-04-15T18:13:04.766Z,356,recv,45AB3C,UNKNOWN,000000,5,5.948050,8845AB3C1CCCCC705120D3F9B63A
2026-04-15T18:13:04.863Z,357,recv,7C1D2E,UNKNOWN,000000,5,2.162734,887C1D2EB996219560509A0F25CE
2026-04-15T18:13:04.964Z,358,recv,C0FFEE,UNKNOWN,000000,5,2.435531,8AC0FFEEF2D8BB23563E4C695964
2026-04-15T18:13:05.066Z,359,recv,C0FFEE,UNKNOWN,000000,5,3.915341,8CC0FFEE86BFEA9EF8C9F1D48B46
2026-04-15T18:13:05.165Z,360,recv,4F4B5D,ENCRYPTED,45AB3C,1,1.125552,894F4B5D6A9140F0229FD3FF263B
2026-04-15T18:13:05.268Z,361,recv,A1B2C3,UNKNOWN,000000,5,4.317366,8BA1B2C354369EAE823B3F28E599
2026-04-15T18:13:05.368Z,362,recv,A1B2C3,UNKNOWN,000000,5,4.022613,8EA1B2C34821D5F00E2EFA8F38B5
2026-04-15T18:13:05.469Z,363,recv,45AB3C,UNKNOWN,000000,5,3.863647,8B45AB3C0B33429E1310494BD928
2026-04-15T18:13:05.568Z,364,recv,3FE91E,ENCRYPTED,A1B2C3,2,1.796048,8D3FE91E3438D8F7F5230B2140F8
2026-04-15T18:13:05.669Z,365,recv,3FE91E,ENCRYPTED,A1B2C3,2,2.118862,8E3FE91ECF37098975A69C1994F9
2026-04-15T18:13:05.771Z,366,recv,45AB3C,UNKNOWN,000000,5,3.401468,8F45AB3C818DA8D29F38FAD10B55
2026-04-15T18:13:05.872Z,367,recv,A1B2C3,UNKNOWN,000000,5,3.567337,88A1B2C3C9A0DACCC89C1B262FFB
2026-04-15T18:13:05.973Z,368,recv,E11591,ENCRYPTED,A58B4D,5,3.795769,8DE11591A7DEBF8FE392F8623697
2026-04-15T18:13:06.073Z,369,recv,3FE91E,ENCRYPTED,A1B2C3,2,1.520162,8F3FE91EB762585397D4FF1ED870
2026-04-15T18:13:06.175Z,370,recv,C3E5F1,ENCRYPTED,C0FFEE,4,2.793156,89C3E5F1CED21DE6B30E51065595
2026-04-15T18:13:06.276Z,371,recv,7C1D2E,UNKNOWN,000000,5,3.580124,8D7C1D2E55D2C68013E4D4A49E7F
2026-04-15T18:13:06.378Z,372,recv,E11591,ENCRYPTED,A58B4D,5,3.611812,8AE115910D508F788A6E4B76880A
2026-04-15T18:13:06.484Z,373,recv,C0FFEE,UNKNOWN,000000,5,8.654455,89C0FFEE8F10C9BE0CC9611C4AC5
2026-04-15T18:13:06.577Z,374,recv,45AB3C,UNKNOWN,000000,5,2.143828,8A45AB3CDBA75B2604A57BFB3D3E
2026-04-15T18:13:06.680Z,375,recv,C3E5F1,ENCRYPTED,C0FFEE,4,3.459232,8BC3E5F1D8DD384A944E74DA1859
2026-04-15T18:13:06.782Z,376,recv,A58B4D,UNKNOWN,000000,5,5.010619,8AA58B4DF45E60A4A21E14157F97
2026-04-15T18:13:06.881Z,377,recv,C3E5F1,ENCRYPTED,C0FFEE,4,3.256383,8FC3E5F1AB0AFB85443A70425E9C
2026-04-15T18:13:06.980Z,378,recv,4F4B5D,ENCRYPTED,45AB3C,1,1.059710,8C4F4B5D7BF78C13B1F15F5629A5
2026-04-15T18:13:07.084Z,379,recv,A1B2C3,UNKNOWN,000000,5,4.640071,8AA1B2C34DDD2E18A7AF7A3B50A2
2026-04-15T18:13:07.185Z,380,recv,C3E5F1,ENCRYPTED,C0FFEE,4,3.617397,8FC3E5F1538AA6C7FBDE47AF2ADA
2026-04-15T18:13:07.285Z,381,recv,A1B2C3,UNKNOWN,000000,5,3.436013,8BA1B2C3759CC2C41A4FDA175CCB
2026-04-15T18:13:07.384Z,382,recv,4F4B5D,ENCRYPTED,45AB3C,1,1.058276,8F4F4B5D78586D874569C10F2072
2026-04-15T18:13:07.488Z,383,recv,A58B4D,UNKNOWN,000000,5,4.344785,8FA58B4DA20A762F4F0EB7665119
2026-04-15T18:13:07.589Z,384,recv,C0FFEE,UNKNOWN,000000,5,4.794136,8EC0FFEE791DE5826F6CA3E250D8
2026-04-15T18:13:07.688Z,385,recv,A58B4D,UNKNOWN,000000,5,4.025123,8DA58B4D71C48D5E0784E70893CC
2026-04-15T18:13:07.789Z,386,recv,C3E5F1,ENCRYPTED,C0FFEE,4,3.749775,88C3E5F1F8502737B281D60676F9
2026-04-15T18:13:07.890Z,387,recv,45AB3C,UNKNOWN,000000,5,4.253530,8C45AB3C9CCB6B534444E1DBBB26
2026-04-15T18:13:07.989Z,388,recv,3FE91E,ENCRYPTED,A1B2C3,2,1.728285,8C3FE91EC2B6FD8CB6AC21781262
2026-04-15T18:13:08.094Z,389,recv,E11591,ENCRYPTED,A58B4D,5,4.718596,88E115917E88C329B94F7C1FD20B
2026-04-15T18:13:08.194Z,390,recv,7C1D2E,UNKNOWN,000000,5,4.538067,897C1D2E4F3026676FBA2DEB1144
2026-04-15T18:13:08.294Z,391,recv,A58B4D,UNKNOWN,000000,5,3.714319,8DA58B4DBE29F8F3210A59BFBFA9
2026-04-15T18:13:08.395Z,392,recv,C3E5F1,ENCRYPTED,C0FFEE,4,3.802183,89C3E5F10B010B9F8D28A5D0D1EF
2026-04-15T18:13:08.496Z,393,recv,7C1D2E,UNKNOWN,000000,5,4.618142,8D7C1D2EE5408C74FF764E4FAD25
2026-04-15T18:13:08.596Z,394,recv,3FE91E,ENCRYPTED,A1B2C3,2,2.371157,8B3FE91E42148196D16232C7B943
2026-04-15T18:13:08.698Z,395,recv,45AB3C,UNKNOWN,000000,5,4.381968,8E45AB3C37CCE80871A11F78C065
2026-04-15T18:13:08.798Z,396,recv,7C1D2E,UNKNOWN,000000,5,3.592904,8A7C1D2E23480EA478209FC6777D
2026-04-15T18:13:08.898Z,397,recv,C0FFEE,UNKNOWN,000000,5,3.493478,8AC0FFEE2864FD851A6F67E61154
2026-04-15T18:13:09.000Z,398,recv,E11591,ENCRYPTED,A58B4D,5,3.753916,8DE115917163A2A4B16469F77680
2026-04-15T18:13:09.101Z,399,recv,45AB3C,UNKNOWN,000000,5,4.555147,8D45AB3CE11BCC49E2763FB7927A
2026-04-15T18:13:09.201Z,400,recv,C0FFEE,UNKNOWN,000000,5,4.381155,8FC0FFEEBB7168A9DBBC3D56740F
2026-04-15T18:13:09.301Z,401,recv,A1B2C3,UNKNOWN,000000,5,4.526885,8EA1B2C3F5DD0C4FE88431303F7F
2026-04-15T18:13:09.400Z,402,recv,3FE91E,ENCRYPTED,A1B2C3,2,1.834260,8A3FE91E8F6DBD4CD968BF88BB96
2026-04-15T18:13:09.503Z,403,recv,D1D139,UNKNOWN,000000,5,3.739091,8BD1D139BE9CEDA2D9CF873C08A7
2026-04-15T18:13:09.605Z,404,recv,D17225,UNKNOWN,000000,5,4.159861,89D172256C2EFB8CD1FE8D820962
2026-04-15T18:13:09.706Z,405,recv,04FDE6,UNKNOWN,000000,5,3.911481,8E04FDE67872434B38F6965A88EC
2026-04-15T18:13:09.807Z,406,recv,7C1D2E,UNKNOWN,000000,5,4.004318,897C1D2EC4831165148E2CDD5983
2026-04-15T18:13:09.907Z,407,recv,73240C,UNKNOWN,000000,5,3.558371,8A73240C1D01E8C8B757D9217D9A
2026-04-15T18:13:10.007Z,408,recv,C0FFEE,UNKNOWN,000000,5,3.374771,8CC0FFEEB9E1F6CCA00C3D7E17B9
2026-04-15T18:13:10.108Z,409,recv,A1B2C3,UNKNOWN,000000,5,3.620467,8FA1B2C39976565808E3490686B1
2026-04-15T18:13:10.208Z,410,recv,04FDE6,ENCRYPTED,7C1D2E,3,2.335825,8A04FDE6454B566D68D45239C73E
2026-04-15T18:13:10.310Z,411,recv,A58B4D,UNKNOWN,000000,5,3.656885,88A58B4D8BCD0A04662F8796C1BE
2026-04-15T18:13:10.411Z,412,recv,7C1D2E,UNKNOWN,000000,5,3.729288,8F7C1D2E281A8B58E99137774AE4
2026-04-15T18:13:10.512Z,413,recv,992D65,ENCRYPTED,A58B4D,5,3.671489,8B992D65F228D8C82309032EDD5D
2026-04-15T18:13:10.612Z,414,recv,04FDE6,ENCRYPTED,7C1D2E,3,2.600755,8804FDE6FD5994A62B29D7BDC807
2026-04-15T18:13:10.713Z,415,recv,D1D139,ENCRYPTED,A1B2C3,2,1.695377,8BD1D1397A03E8DCC9523631DF31
2026-04-15T18:13:10.813Z,416,recv,73240C,ENCRYPTED,45AB3C,1,1.283084,8B73240CE8D4CF0727C142E25753
2026-04-15T18:13:10.916Z,417,recv,A1B2C3,UNKNOWN,000000,5,3.936803,8FA1B2C3136C86343EB35E09B3D0
2026-04-15T18:13:11.017Z,418,recv,D17225,ENCRYPTED,C0FFEE,4,2.833121,8FD17225B0D8C7DAAAC67A0F3AAA
2026-04-15T18:13:11.117Z,419,recv,A1B2C3,UNKNOWN,000000,5,3.091299,88A1B2C36E1F6B64880A51262DDA
2026-04-15T18:13:11.218Z,420,recv,45AB3C,UNKNOWN,000000,5,3.548200,8D45AB3C095BB6FC2828F41E7971
2026-04-15T18:13:11.319Z,421,recv,04FDE6,ENCRYPTED,7C1D2E,3,3.190649,8D04FDE665AAD4D42A32FB484951
2026-04-15T18:13:11.419Z,422,recv,73240C,ENCRYPTED,45AB3C,1,1.464952,8873240CEE77E997733CE169402A
2026-04-15T18:13:11.521Z,423,recv,7C1D2E,UNKNOWN,000000,5,3.883369,897C1D2E921EBBD5D3C4E06C8E4C
2026-04-15T18:13:11.622Z,424,recv,C0FFEE,UNKNOWN,000000,5,4.207670,88C0FFEE2D9AA7917621B1B9836D
2026-04-15T18:13:11.723Z,425,recv,D17225,ENCRYPTED,C0FFEE,4,3.139020,89D172259C244E66ABABF058DBFB
2026-04-15T18:13:11.825Z,426,recv,992D65,ENCRYPTED,A58B4D,5,4.064067,8F992D65E25F4601A88B059B6FBC
2026-04-15T18:13:11.925Z,427,recv,45AB3C,UNKNOWN,000000,5,3.787843,8C45AB3CA9E2CDC126E7EDC0360F
2026-04-15T18:13:12.026Z,428,recv,992D65,ENCRYPTED,A58B4D,5,3.788346,8B992D65F2E481458A7DEAA42D46
2026-04-15T18:13:12.127Z,429,recv,7C1D2E,UNKNOWN,000000,5,3.919701,887C1D2E0849EAF7BFFA49D2D300
2026-04-15T18:13:12.228Z,430,recv,A1B2C3,UNKNOWN,000000,5,3.955360,8FA1B2C34F2D2D0F74B801D01966
2026-04-15T18:13:12.328Z,431,recv,04FDE6,ENCRYPTED,7C1D2E,3,2.542158,8E04FDE6C93F6D5EE2F7F6DEA83D
2026-04-15T18:13:12.430Z,432,recv,C0FFEE,UNKNOWN,000000,5,4.406159,88C0FFEE6F837B220CE39E016486
2026-04-15T18:13:12.531Z,433,recv,992D65,ENCRYPTED,A58B4D,5,3.941225,88992D6595BF288D19F5BA8AC5C9
2026-04-15T18:13:12.630Z,434,recv,D1D139,ENCRYPTED,A1B2C3,2,1.944021,8BD1D1395BC7CCA79CF815630B9A
2026-04-15T18:13:12.732Z,435,recv,C0FFEE,UNKNOWN,000000,5,3.900632,8CC0FFEEDA98DA5E7F22EEA2325F
2026-04-15T18:13:12.833Z,436,recv,C0FFEE,UNKNOWN,000000,5,3.876004,8EC0FFEE941CEB53E0D0C3952589
2026-04-15T18:13:12.933Z,437,recv,04FDE6,ENCRYPTED,7C1D2E,3,2.362479,8A04FDE609E37CE88BE4B74107CB
2026-04-15T18:13:13.035Z,438,recv,992D65,ENCRYPTED,A58B4D,5,3.853689,8F992D652DE35F9B1230EF1E79D9
2026-04-15T18:13:13.136Z,439,recv,A58B4D,UNKNOWN,000000,5,3.857338,8EA58B4D94713F2B8BB0D3735AC5
2026-04-15T18:13:13.236Z,440,recv,7C1D2E,UNKNOWN,000000,5,3.806292,897C1D2EA44BF116A511895B501C
2026-04-15T18:13:13.337Z,441,recv,C0FFEE,UNKNOWN,000000,5,3.787793,8CC0FFEE447B8EC6F3828F58C37A
2026-04-15T18:13:13.436Z,442,recv,D1D139,ENCRYPTED,A1B2C3,2,2.048987,8AD1D139F8191F159B056969466D
2026-04-15T18:13:13.539Z,443,recv,992D65,ENCRYPTED,A58B4D,5,3.884949,8A992D65A72E4689DF63F9F593CD
2026-04-15T18:13:13.640Z,444,recv,D17225,ENCRYPTED,C0FFEE,4,3.180951,8CD1722581D1BCD5B77537D90D3C
2026-04-15T18:13:13.740Z,445,recv,04FDE6,ENCRYPTED,7C1D2E,3,2.492284,8D04FDE661D55CEA2DDDE53515AA
2026-04-15T18:13:13.842Z,446,recv,D17225,ENCRYPTED,C0FFEE,4,3.199479,8FD17225DA6D4D10340D9DC07CB0
2026-04-15T18:13:13.944Z,447,recv,7C1D2E,UNKNOWN,000000,5,3.950282,8F7C1D2E305D0643AC2B19C6CDE7
2026-04-15T18:13:14.044Z,448,recv,04FDE6,ENCRYPTED,7C1D2E,3,2.557806,8B04FDE65C90DF85E02CF1BCECAA
2026-04-15T18:13:14.146Z,449,recv,992D65,ENCRYPTED,A58B4D,5,3.711075,89992D6531B9E835864855EA8204
2026-04-15T18:13:14.246Z,450,recv,A58B4D,UNKNOWN,000000,5,3.670138,8CA58B4D33F17AD599EE106BE675
2026-04-15T18:13:14.345Z,451,recv,73240C,ENCRYPTED,45AB3C,1,0.978580,8973240C2FC25CB23383322566AB
2026-04-15T18:13:14.448Z,452,recv,94BEEF,UNKNOWN,000000,5,3.342216,8B94BEEF3F9F12AAF87A979E6758
2026-04-15T18:13:14.550Z,453,recv,94BEEF,UNKNOWN,000000,5,3.314307,8D94BEEF551EDFFC6D55D95D82C3
2026-04-15T18:13:14.651Z,454,recv,D7154C,UNKNOWN,000000,5,3.305313,8DD7154CE16183F3A27D8493BD15
2026-04-15T18:13:14.752Z,455,recv,7C1D2E,UNKNOWN,000000,5,3.888742,8E7C1D2E7B54E846842ADCC0109A
2026-04-15T18:13:14.855Z,456,recv,74C999,UNKNOWN,000000,5,4.981011,8974C9999B03783A5EF85DEF96A0
2026-04-15T18:13:14.954Z,457,recv,A1B2C3,UNKNOWN,000000,5,3.853225,8EA1B2C362BB6C2B13A8550566EE
2026-04-15T18:13:15.053Z,458,recv,74C999,ENCRYPTED,A1B2C3,2,2.135921,8C74C9994F5C18BEE376839B1E0A
2026-04-15T18:13:15.155Z,459,recv,7C1D2E,UNKNOWN,000000,5,3.239577,887C1D2E20CDBA446DAC659837E3
2026-04-15T18:13:15.254Z,460,recv,56C375,ENCRYPTED,45AB3C,1,1.223802,8D56C375738316B8B103F498DCC2
2026-04-15T18:13:15.356Z,461,recv,0D673C,ENCRYPTED,7C1D2E,3,1.979048,8E0D673CE6800DE657489737ADC6
2026-04-15T18:13:15.461Z,462,recv,A58B4D,UNKNOWN,000000,5,5.743609,8CA58B4D61E6A3AE925B476D2A0F
2026-04-15T18:13:15.557Z,463,recv,56C375,ENCRYPTED,45AB3C,1,0.564694,8F56C3757BA31CC15D8D84FDD523
2026-04-15T18:13:15.662Z,464,recv,D7154C,ENCRYPTED,A58B4D,5,4.801378,8AD7154C53D92BF05D0F6ED6A30E
2026-04-15T18:13:15.762Z,465,recv,A58B4D,UNKNOWN,000000,5,3.728057,8CA58B4D6A695248DDEFC60B650A
2026-04-15T18:13:15.862Z,466,recv,A1B2C3,UNKNOWN,000000,5,3.299523,89A1B2C3D4E1B7AD58803A2D370C
2026-04-15T18:13:15.963Z,467,recv,C0FFEE,UNKNOWN,000000,5,3.842168,8CC0FFEEB8A5A5A2F401CE301E4C
2026-04-15T18:13:16.063Z,468,recv,A1B2C3,UNKNOWN,000000,5,3.071868,8CA1B2C3259FB04E889DFBED94FE
2026-04-15T18:13:16.164Z,469,recv,A1B2C3,UNKNOWN,000000,5,3.367283,8DA1B2C36B2D38D26C26EC379A77
2026-04-15T18:13:16.264Z,470,recv,94BEEF,ENCRYPTED,C0FFEE,4,2.971265,8994BEEF90C6D666D901343D0E68
2026-04-15T18:13:16.366Z,471,recv,7C1D2E,UNKNOWN,000000,5,4.728486,887C1D2EF09CF5C87BC0C7B4CDB1
2026-04-15T18:13:16.466Z,472,recv,7C1D2E,UNKNOWN,000000,5,3.860827,8F7C1D2E1560666C3CF5CC22CFE5
2026-04-15T18:13:16.565Z,473,recv,74C999,ENCRYPTED,A1B2C3,2,1.641475,8C74C999344657A43C8AEBD66A62
2026-04-15T18:13:16.667Z,474,recv,74C999,ENCRYPTED,A1B2C3,2,1.608753,8E74C999C0987D07D8C9CCF585E3
2026-04-15T18:13:16.768Z,475,recv,56C375,ENCRYPTED,45AB3C,1,1.122786,8A56C3750E5500692B1289CF9B0D
2026-04-15T18:13:16.870Z,476,recv,0D673C,ENCRYPTED,7C1D2E,3,2.176149,8C0D673CB02FEF0D9427100C6469
2026-04-15T18:13:16.972Z,477,recv,45AB3C,UNKNOWN,000000,5,4.231670,8845AB3CDE54CD6A1CE7674A5562
2026-04-15T18:13:17.073Z,478,recv,7C1D2E,UNKNOWN,000000,5,3.823817,8F7C1D2E0D54E9A1AB075A5DE6A3
2026-04-15T18:13:17.173Z,479,recv,C0FFEE,UNKNOWN,000000,5,4.211198,88C0FFEE88443E2603EE47A81AF5
2026-04-15T18:13:17.274Z,480,recv,D7154C,ENCRYPTED,A58B4D,5,3.808320,8FD7154C6E0757B4DC934820D65D
2026-04-15T18:13:17.372Z,481,recv,56C375,ENCRYPTED,45AB3C,1,0.691688,8C56C375B496CE8F1075A76623F5
2026-04-15T18:13:17.475Z,482,recv,7C1D2E,UNKNOWN,000000,5,2.511006,8B7C1D2E407DB66ABAF9FE88A193
2026-04-15T18:13:17.576Z,483,recv,7C1D2E,UNKNOWN,000000,5,2.964838,887C1D2EE7FA17DBFB8A9AE30E76
2026-04-15T18:13:17.677Z,484,recv,0D673C,ENCRYPTED,7C1D2E,3,2.769165,890D673CFCC2A35B9FFF22CB1B8E
2026-04-15T18:13:17.777Z,485,recv,56C375,ENCRYPTED,45AB3C,1,1.157549,8A56C3754552BE0B48C591DFD3E7
2026-04-15T18:13:17.878Z,486,recv,56C375,ENCRYPTED,45AB3C,1,1.232502,8E56C3755184DF12FB15255A47FA
2026-04-15T18:13:17.980Z,487,recv,56C375,ENCRYPTED,45AB3C,1,1.580493,8C56C3752C1B9E22B3EEB100E2EF
2026-04-15T18:13:18.081Z,488,recv,74C999,ENCRYPTED,A1B2C3,2,1.731513,8E74C99909FCBC698085A8A9C1CD
2026-04-15T18:13:18.184Z,489,recv,94BEEF,ENCRYPTED,C0FFEE,4,3.043336,8E94BEEF23300B6FE2D03FCBAEF1
2026-04-15T18:13:18.285Z,490,recv,0D673C,ENCRYPTED,7C1D2E,3,2.489266,880D673C2F424265950758DCEAE3
2026-04-15T18:13:18.386Z,491,recv,45AB3C,UNKNOWN,000000,5,3.943691,8B45AB3C2FD1578F77E2BF1767C8
2026-04-15T18:13:18.487Z,492,recv,7C1D2E,UNKNOWN,000000,5,3.728583,8F7C1D2E9AC990BB7F6ACA5BAB02
2026-04-15T18:13:18.588Z,493,recv,D7154C,ENCRYPTED,A58B4D,5,3.751508,8DD7154C4C51A9BEBEE25F1CE37B
2026-04-15T18:13:18.688Z,494,recv,45AB3C,UNKNOWN,000000,5,3.759240,8C45AB3CA7981736D835DCF27C7E
2026-04-15T18:13:18.789Z,495,recv,C0FFEE,UNKNOWN,000000,5,3.576545,8AC0FFEE16F02110F0D822BE39B6
2026-04-15T18:13:18.889Z,496,recv,0D673C,ENCRYPTED,7C1D2E,3,2.524109,880D673CA5B4D5E509F50156AACE
2026-04-15T18:13:18.990Z,497,recv,74C999,ENCRYPTED,A1B2C3,2,1.947306,8D74C999594D9DCA52833E0ED69F
2026-04-15T18:13:19.099Z,498,recv,C0FFEE,UNKNOWN,000000,5,10.848685,8DC0FFEE1816EBAE7EC713092094
2026-04-15T18:13:19.192Z,499,recv,0D673C,ENCRYPTED,7C1D2E,3,2.494519,890D673CDAE83B6C59B6A0D21872
2026-04-15T18:13:19.295Z,500,recv,D7154C,ENCRYPTED,A58B4D,5,4.115346,8AD7154C1C75B46FD911239320A0
2026-04-15T18:13:19.395Z,501,recv,C0FFEE,UNKNOWN,000000,5,3.961661,8DC0FFEEEE9C236124FBC3FBDEF3
2026-04-15T18:13:19.497Z,502,recv,0DE7DB,UNKNOWN,000000,5,3.876360,8D0DE7DBBC04CFA2D1E466839D6F
2026-04-15T18:13:19.598Z,503,recv,0BEA1C,UNKNOWN,000000,5,3.973512,8B0BEA1CA6CAF9E356EC496151BE
2026-04-15T18:13:19.700Z,504,recv,0D6042,UNKNOWN,000000,5,4.108974,8D0D60423A8041EFC3C429EF465E
2026-04-15T18:13:19.801Z,505,recv,0D6042,UNKNOWN,000000,5,4.127340,8E0D604233D6B99BC7519AB1E98C
2026-04-15T18:13:19.902Z,506,recv,046157,UNKNOWN,000000,5,3.819026,8A046157E583151A733B63578360
2026-04-15T18:13:20.003Z,507,recv,0BEA1C,UNKNOWN,000000,5,3.447945,8A0BEA1C84B18462E8893600DDE8
2026-04-15T18:13:20.104Z,508,recv,A58B4D,UNKNOWN,000000,5,3.852913,8FA58B4D63D167D0CD08EDE0A0E4
2026-04-15T18:13:20.205Z,509,recv,0D6042,ENCRYPTED,C0FFEE,4,3.233234,8F0D60427BBB4F6F9952BB2F005E
2026-04-15T18:13:20.306Z,510,recv,0D6042,ENCRYPTED,C0FFEE,4,3.970521,8D0D6042EEA65B0449E026941527
2026-04-15T18:13:20.405Z,511,recv,CC2B97,ENCRYPTED,45AB3C,1,1.629300,8CCC2B97D65BAA13E8017E57D4B5
2026-04-15T18:13:20.506Z,512,recv,CC2B97,ENCRYPTED,45AB3C,1,1.176172,88CC2B9756E752757B1CD4C311A3
2026-04-15T18:13:20.607Z,513,recv,CC2B97,ENCRYPTED,45AB3C,1,1.120196,8ECC2B97D5F141578F2AB1B1232C
2026-04-15T18:13:20.708Z,514,recv,CC2B97,ENCRYPTED,45AB3C,1,1.150648,8CCC2B979F957BA5F4030070E4FC
2026-04-15T18:13:20.811Z,515,recv,0DE7DB,ENCRYPTED,A1B2C3,2,1.841058,8A0DE7DB2DB24AC32095780CF7E6
2026-04-15T18:13:20.911Z,516,recv,CC2B97,ENCRYPTED,45AB3C,1,1.179209,88CC2B971C6AB704593BF327785A
2026-04-15T18:13:21.012Z,517,recv,CC2B97,ENCRYPTED,45AB3C,1,1.171101,8ECC2B974BDE09209E3700BD0672
2026-04-15T18:13:21.115Z,518,recv,45AB3C,UNKNOWN,000000,5,3.787504,8E45AB3C26EBBA52F2F98388B9B2
2026-04-15T18:13:21.216Z,519,recv,A1B2C3,UNKNOWN,000000,5,4.042776,8AA1B2C3A9833584DF507F026A6A
2026-04-15T18:13:21.317Z,520,recv,0D6042,ENCRYPTED,C0FFEE,4,3.285385,8F0D6042C27592D1517FA55527BF
2026-04-15T18:13:21.418Z,521,recv,0D6042,ENCRYPTED,C0FFEE,4,3.311813,8D0D60426F3F5A34AD840C011325
2026-04-15T18:13:21.520Z,522,recv,7C1D2E,UNKNOWN,000000,5,4.095843,8A7C1D2E29B395178299F0C94D36
2026-04-15T18:13:21.621Z,523,recv,046157,ENCRYPTED,A58B4D,5,3.962481,8D046157620032CC1146D68C265E
2026-04-15T18:13:21.721Z,524,recv,45AB3C,UNKNOWN,000000,5,4.388636,8B45AB3C9A28CD2A473E378A9FA8
2026-04-15T18:13:21.822Z,525,recv,0D6042,ENCRYPTED,C0FFEE,4,3.293257,8E0D6042470570F0DDDCF869E155
2026-04-15T18:13:21.923Z,526,recv,0BEA1C,ENCRYPTED,7C1D2E,3,2.662333,8C0BEA1C5400ACABECAF347666CD
2026-04-15T18:13:22.023Z,527,recv,0DE7DB,ENCRYPTED,A1B2C3,2,1.898564,8D0DE7DB38E0C95675060CBA6F02
2026-04-15T18:13:22.126Z,528,recv,45AB3C,UNKNOWN,000000,5,3.799763,8845AB3C98B0FCE6ADDA9A395103
2026-04-15T18:13:22.227Z,529,recv,7C1D2E,UNKNOWN,000000,5,4.099425,8D7C1D2E3B03F61D50B9FC562628
2026-04-15T18:13:22.327Z,530,recv,A58B4D,UNKNOWN,000000,5,3.889523,8BA58B4DC0DF9BD5693E5E132795
2026-04-15T18:13:22.428Z,531,recv,C0FFEE,UNKNOWN,000000,5,3.857161,8BC0FFEE56A24389CB1358EEB1FF
2026-04-15T18:13:22.528Z,532,recv,0D6042,ENCRYPTED,C0FFEE,4,3.205548,8B0D6042DA0E077476B303D54669
2026-04-15T18:13:22.630Z,533,recv,C0FFEE,UNKNOWN,000000,5,4.377779,8DC0FFEEE6845E804BAE2C998017
2026-04-15T18:13:22.730Z,534,recv,45AB3C,UNKNOWN,000000,5,4.053465,8E45AB3C1ADAEDCC8F99A6E1B38D
2026-04-15T18:13:22.830Z,535,recv,A58B4D,UNKNOWN,000000,5,3.893915,8AA58B4D7D8C301758130EA69BED
2026-04-15T18:13:22.932Z,536,recv,0D6042,ENCRYPTED,C0FFEE,4,3.268122,8E0D6042CD2974AE4EBB492B6968
2026-04-15T18:13:23.033Z,537,recv,046157,ENCRYPTED,A58B4D,5,3.868299,890461571A8E1030066ECB70F728
2026-04-15T18:13:23.134Z,538,recv,45AB3C,UNKNOWN,000000,5,3.888928,8945AB3C0C9D0D369E6D7125B269
2026-04-15T18:13:23.234Z,539,recv,0BEA1C,ENCRYPTED,7C1D2E,3,2.613017,8C0BEA1CEAC08920B49600D87959
2026-04-15T18:13:23.334Z,540,recv,CC2B97,ENCRYPTED,45AB3C,1,1.115209,8ACC2B9786F6D3052FE5460E0773
2026-04-15T18:13:23.436Z,541,recv,0DE7DB,ENCRYPTED,A1B2C3,2,1.926224,890DE7DBFED2D98E761AB4DC00AE
2026-04-15T18:13:23.540Z,542,recv,C0FFEE,UNKNOWN,000000,5,5.493364,8FC0FFEED76403FBF3A06ECAD504
2026-04-15T18:13:23.638Z,543,recv,45AB3C,UNKNOWN,000000,5,3.176059,8D45AB3CA3722CE86C8A387FB118
2026-04-15T18:13:23.740Z,544,recv,046157,ENCRYPTED,A58B4D,5,3.814104,8D04615713AD8AFDEA4AE2CE2A7F
2026-04-15T18:13:23.841Z,545,recv,0D6042,ENCRYPTED,C0FFEE,4,3.307146,8E0D6042A733A904D6EB55B67180
2026-04-15T18:13:23.941Z,546,recv,0BEA1C,ENCRYPTED,7C1D2E,3,2.249257,8F0BEA1C311FD1864D237B2727B4
2026-04-15T18:13:24.044Z,547,recv,046157,ENCRYPTED,A58B4D,5,3.879345,8B046157673405CA0404ACBFB567
2026-04-15T18:13:24.146Z,548,recv,046157,ENCRYPTED,A58B4D,5,4.486106,8C046157989C7CE2C186C85325A3
2026-04-15T18:13:24.246Z,549,recv,A1B2C3,UNKNOWN,000000,5,3.950321,88A1B2C3AE3ADE33DEE7201C8026
2026-04-15T18:13:24.346Z,550,recv,A1B2C3,UNKNOWN,000000,5,3.924875,8BA1B2C374691E27141383270A76
2026-04-15T18:13:24.447Z,551,recv,A58B4D,UNKNOWN,000000,5,3.928535,8CA58B4DA7570DFA09129B1F779F
2026-04-15T18:13:24.547Z,552,recv,A58B4D,UNKNOWN,000000,5,3.832566,89A58B4D2D748B00E20B1DF3BC9B
2026-04-15T18:13:24.649Z,553,recv,67C9BE,UNKNOWN,000000,5,3.863992,8D67C9BE48F645C874A31D68152F
2026-04-15T18:13:24.750Z,554,recv,A58B4D,UNKNOWN,000000,5,4.052436,8BA58B4DC04C2BA5BC6AFEC2616E
2026-04-15T18:13:24.851Z,555,recv,5567D2,UNKNOWN,000000,5,3.900409,8B5567D2FEA000E7C2E375CBF53A
2026-04-15T18:13:24.952Z,556,recv,67C9BE,UNKNOWN,000000,5,4.101090,8B67C9BE9D08827516DC6CDA827A
2026-04-15T18:13:25.052Z,557,recv,7C1D2E,UNKNOWN,000000,5,3.844839,8D7C1D2E2A0160E2A9F0EAE71260
2026-04-15T18:13:25.153Z,558,recv,5567D2,ENCRYPTED,A1B2C3,2,2.354715,895567D290012091DAA940972A31
2026-04-15T18:13:25.256Z,559,recv,45AB3C,UNKNOWN,000000,5,4.695049,8945AB3C1A156C2E22C381162DD2
2026-04-15T18:13:25.354Z,560,recv,5567D2,ENCRYPTED,A1B2C3,2,1.857437,8E5567D2D23458D60C3CFFE2195B
2026-04-15T18:13:25.457Z,561,recv,45AB3C,UNKNOWN,000000,5,4.138636,8945AB3CBC1666AE8E0577BE0AF5
2026-04-15T18:13:25.557Z,562,recv,6DE186,ENCRYPTED,7C1D2E,3,2.553613,8C6DE186D93AE6A66CF4F56AB57A
2026-04-15T18:13:25.658Z,563,recv,C0FFEE,UNKNOWN,000000,5,4.041826,8DC0FFEE71FFB9C665318E22E412
2026-04-15T18:13:25.759Z,564,recv,7C1D2E,UNKNOWN,000000,5,3.901473,8B7C1D2E7A28D2F2FAD84A109E0C
2026-04-15T18:13:25.859Z,565,recv,6DE186,ENCRYPTED,7C1D2E,3,2.699232,8A6DE186DDDD2D4BCF7F278654C5
2026-04-15T18:13:25.961Z,566,recv,7C1D2E,UNKNOWN,000000,5,3.931001,8A7C1D2E1E1F8EEFB80DF36E7954
2026-04-15T18:13:26.059Z,567,recv,67C9BE,ENCRYPTED,45AB3C,1,1.076064,8F67C9BE24C955EE0DD320AAEE08
2026-04-15T18:13:26.162Z,568,recv,6DE186,ENCRYPTED,7C1D2E,3,2.492710,8E6DE1867E295F4C233FE91D26BA
2026-04-15T18:13:26.263Z,569,recv,6DE186,ENCRYPTED,7C1D2E,3,2.691601,8F6DE186A6963F5D5F90CC7E5246
2026-04-15T18:13:26.365Z,570,recv,C0FFEE,UNKNOWN,000000,5,4.048643,8AC0FFEE0933667D641C8A3B0E30
2026-04-15T18:13:26.464Z,571,recv,5567D2,ENCRYPTED,A1B2C3,2,2.225260,8B5567D2FFE4717A36916DFD90F7
2026-04-15T18:13:26.565Z,572,recv,5567D2,ENCRYPTED,A1B2C3,2,1.999305,8C5567D21641336BB4685307D961
2026-04-15T18:13:26.667Z,573,recv,5567D2,ENCRYPTED,A1B2C3,2,1.884613,885567D2092A46B4A16D5302D5F8
2026-04-15T18:13:26.767Z,574,recv,67C9BE,ENCRYPTED,45AB3C,1,1.304159,8E67C9BEECA1F0A720664E0B6CDE
2026-04-15T18:13:26.870Z,575,recv,BA534F,ENCRYPTED,C0FFEE,4,3.034235,8ABA534F3E72E74A80A83CE14D64
2026-04-15T18:13:26.972Z,576,recv,45AB3C,UNKNOWN,000000,5,3.867604,8D45AB3CC5F44876C95624E6896F
2026-04-15T18:13:27.072Z,577,recv,A58B4D,UNKNOWN,000000,5,3.834833,8FA58B4DD7A67053FA4B1E47C7B6
2026-04-15T18:13:27.175Z,578,recv,67C9BE,ENCRYPTED,45AB3C,1,4.557169,8D67C9BE66ECAB2DA4BF8BDD2517
2026-04-15T18:13:27.273Z,579,recv,A58B4D,UNKNOWN,000000,5,3.543582,8AA58B4DFED1ED2511605BB3DBE0
2026-04-15T18:13:27.374Z,580,recv,A58B4D,UNKNOWN,000000,5,3.830140,88A58B4D9394651FFB1E8DC71538
2026-04-15T18:13:27.475Z,581,recv,45AB3C,UNKNOWN,000000,5,4.113581,8B45AB3C4FE6283D1B25C743888E
2026-04-15T18:13:27.574Z,582,recv,67C9BE,ENCRYPTED,45AB3C,1,1.273089,8E67C9BECC5C9D7CEDA0FB154922
2026-04-15T18:13:27.675Z,583,recv,5567D2,ENCRYPTED,A1B2C3,2,1.943194,8C5567D268A12715DDE05B094F4E
2026-04-15T18:13:27.779Z,584,recv,BA534F,ENCRYPTED,C0FFEE,4,3.731314,8ABA534FC500D03B7293D20EFF2B
2026-04-15T18:13:27.880Z,585,recv,C0FFEE,UNKNOWN,000000,5,4.261538,89C0FFEE5D52A09D9EA340CB7A50
2026-04-15T18:13:27.981Z,586,recv,A1B2C3,UNKNOWN,000000,5,4.321916,88A1B2C3B9F38ED2A8A779639150
2026-04-15T18:13:28.081Z,587,recv,45AB3C,UNKNOWN,000000,5,4.250173,8845AB3CAED8C3DA5778AC20CC63
2026-04-15T18:13:28.181Z,588,recv,A1B2C3,UNKNOWN,000000,5,3.658683,8CA1B2C38C41A79C6A221634496B
2026-04-15T18:13:28.282Z,589,recv,BA534F,ENCRYPTED,C0FFEE,4,3.220022,8ABA534F3A05088838BE6D204AD1
2026-04-15T18:13:28.383Z,590,recv,A58B4D,UNKNOWN,000000,5,3.905899,8DA58B4D4E33C61D55ADC32D8955
2026-04-15T18:13:28.482Z,591,recv,5567D2,ENCRYPTED,A1B2C3,2,1.834644,8E5567D2520F1436D6198CE8C9BF
2026-04-15T18:13:28.586Z,592,recv,4984C9,ENCRYPTED,A58B4D,5,4.265588,8C4984C9A7B8898C320F82A484FE
2026-04-15T18:13:28.687Z,593,recv,BA534F,ENCRYPTED,C0FFEE,4,3.473017,89BA534F20826E95C6C8B447EB88
2026-04-15T18:13:28.787Z,594,recv,A58B4D,UNKNOWN,000000,5,3.571792,88A58B4DD151FFDF11760EAEFC94
2026-04-15T18:13:28.886Z,595,recv,67C9BE,ENCRYPTED,45AB3C,1,1.169288,8A67C9BE27C6D27A7ED59D44C8A6
2026-04-15T18:13:28.990Z,596,recv,C0FFEE,UNKNOWN,000000,5,3.992454,8AC0FFEEBA1B87107155790F9B38
2026-04-15T18:13:29.090Z,597,recv,7C1D2E,UNKNOWN,000000,5,3.946624,8B7C1D2EAABAD2CA285A1AAED19C
2026-04-15T18:13:29.190Z,598,recv,C0FFEE,UNKNOWN,000000,5,3.922103,8FC0FFEE413818AD8D7DF77DE160
2026-04-15T18:13:29.289Z,599,recv,67C9BE,ENCRYPTED,45AB3C,1,1.082791,8F67C9BED0FE8A04F00ED0BAE53F
2026-04-15T18:13:29.392Z,600,recv,C0FFEE,UNKNOWN,000000,5,4.063122,8EC0FFEE6BAEEF0AFA55FD901BF0
2026-04-15T18:13:29.493Z,601,recv,7C1D2E,UNKNOWN,000000,5,3.959759,887C1D2E866651DA8D0F3908CAC4
2026-04-15T18:13:29.593Z,602,recv,45AB3C,UNKNOWN,000000,5,3.808049,8B45AB3C3A3E5CB92EBCDB7C8844
2026-04-15T18:13:29.694Z,603,recv,A58B4D,UNKNOWN,000000,5,4.059980,8FA58B4D4D3EDDB77372A95ACB44
2026-04-15T18:13:29.795Z,604,recv,00EA64,UNKNOWN,000000,5,3.911836,8C00EA64212637AB74D38A4B2AF1
2026-04-15T18:13:29.896Z,605,recv,B6887F,UNKNOWN,000000,5,4.031226,88B6887FCBCC3E0712FCFC1DAA98
2026-04-15T18:13:29.996Z,606,recv,A1B2C3,UNKNOWN,000000,5,3.235018,8FA1B2C36511B63B55FD823DBE42
2026-04-15T18:13:30.096Z,607,recv,4E5EDF,ENCRYPTED,7C1D2E,3,2.499571,8C4E5EDF620DCD48E3421DE06B54
2026-04-15T18:13:30.198Z,608,recv,7C1D2E,UNKNOWN,000000,5,3.815857,8E7C1D2E64192F07BF8556BA8AD3
2026-04-15T18:13:30.298Z,609,recv,00EA64,ENCRYPTED,A1B2C3,2,1.883367,8A00EA648059359C1E46B8CD2C85
2026-04-15T18:13:30.402Z,610,recv,A58B4D,UNKNOWN,000000,5,5.304521,8AA58B4D9303D43538A723C759C2
2026-04-15T18:13:30.501Z,611,recv,A58B4D,UNKNOWN,000000,5,4.239022,8DA58B4D2CEF60641C3E16B6AA6D
2026-04-15T18:13:30.601Z,612,recv,4E5EDF,ENCRYPTED,7C1D2E,3,2.622159,884E5EDF4BBD19BCDFB0C4F956CD
2026-04-15T18:13:30.703Z,613,recv,B6887F,ENCRYPTED,A58B4D,5,3.961267,88B6887F4E2F38E915ACDD8DB685
2026-04-15T18:13:30.804Z,614,recv,45AB3C,UNKNOWN,000000,5,4.384726,8945AB3CF6A7F9A3CD897B368A5B
2026-04-15T18:13:30.905Z,615,recv,A58B4D,UNKNOWN,000000,5,4.332973,8FA58B4D89D3046BB79E91A1C4EF
2026-04-15T18:13:31.005Z,616,recv,FE5574,ENCRYPTED,C0FFEE,4,3.230723,8BFE5574559F7BBD06AEDD7CAC4F
2026-04-15T18:13:31.106Z,617,recv,4E5EDF,ENCRYPTED,7C1D2E,3,2.805425,8A4E5EDFF48D9444C0A65B749914
2026-04-15T18:13:31.207Z,618,recv,FE5574,ENCRYPTED,C0FFEE,4,3.113544,8AFE5574665B663765A5CDD49D30
2026-04-15T18:13:31.308Z,619,recv,A1B2C3,UNKNOWN,000000,5,4.026780,8FA1B2C350E890D5203B6677141A
2026-04-15T18:13:31.409Z,620,recv,C0FFEE,UNKNOWN,000000,5,4.132621,89C0FFEE6AAF950407BD9D021F3F
2026-04-15T18:13:31.509Z,621,recv,FE5574,ENCRYPTED,C0FFEE,4,3.056983,88FE5574A668B20AD6CF0B495195
2026-04-15T18:13:31.611Z,622,recv,A58B4D,UNKNOWN,000000,5,3.929183,8AA58B4DA325005255966E5CA696
2026-04-15T18:13:31.711Z,623,recv,C0FFEE,UNKNOWN,000000,5,4.192737,88C0FFEE7C800F8996AAFF2DE2EF
2026-04-15T18:13:31.811Z,624,recv,7C1D2E,UNKNOWN,000000,5,4.163767,8E7C1D2E4181E18C2BD4EF5A1017
2026-04-15T18:13:31.912Z,625,recv,C0FFEE,UNKNOWN,000000,5,3.920102,88C0FFEEB04BA92D123571A58F33
2026-04-15T18:13:32.012Z,626,recv,7C1D2E,UNKNOWN,000000,5,3.963881,8F7C1D2E11A9DA5537AD35149BC6
2026-04-15T18:13:32.113Z,627,recv,7C1D2E,UNKNOWN,000000,5,4.168385,8C7C1D2E3118545FEDDB9B1F30D7
2026-04-15T18:13:32.212Z,628,recv,00EA64,ENCRYPTED,A1B2C3,2,2.092020,8B00EA6454642AEA6A02745D3E0D
2026-04-15T18:13:32.314Z,629,recv,45AB3C,UNKNOWN,000000,5,3.987530,8B45AB3C5716588E61FE1A859B8E
2026-04-15T18:13:32.415Z,630,recv,FE5574,ENCRYPTED,C0FFEE,4,3.430381,8EFE5574E196647F4A541E06B402
2026-04-15T18:13:32.515Z,631,recv,00EA64,ENCRYPTED,A1B2C3,2,1.848049,8A00EA643E24DADA10E4F8016579
2026-04-15T18:13:32.619Z,632,recv,00EA64,ENCRYPTED,A1B2C3,2,4.960066,8F00EA645DB811DDAD1238B30D24
2026-04-15T18:13:32.717Z,633,recv,C0FFEE,UNKNOWN,000000,5,2.996131,8BC0FFEE83B21FB06502DF723793
2026-04-15T18:13:32.817Z,634,recv,FE1D43,ENCRYPTED,45AB3C,1,1.273958,8BFE1D43D6B2BE6430C43DD765B7
2026-04-15T18:13:32.921Z,635,recv,A58B4D,UNKNOWN,000000,5,4.548661,8CA58B4D7433E4667955766885FE
2026-04-15T18:13:33.021Z,636,recv,45AB3C,UNKNOWN,000000,5,3.907135,8A45AB3CF14C62C2382DE748E878
2026-04-15T18:13:33.122Z,637,recv,FE5574,ENCRYPTED,C0FFEE,4,3.204588,8BFE5574A4A538EEBB09FE54C310
2026-04-15T18:13:33.222Z,638,recv,A1B2C3,UNKNOWN,000000,5,3.934102,8CA1B2C3EF8877793175BEF00571
2026-04-15T18:13:33.322Z,639,recv,00EA64,ENCRYPTED,A1B2C3,2,1.765551,8800EA64DDACEE751B698B6EEBA0
2026-04-15T18:13:33.423Z,640,recv,00EA64,ENCRYPTED,A1B2C3,2,1.767746,8C00EA64F680E89CA3F8204CFBE1
2026-04-15T18:13:33.525Z,641,recv,7C1D2E,UNKNOWN,000000,5,3.813594,8A7C1D2EB8317DBA09BCCA14BE20
2026-04-15T18:13:33.627Z,642,recv,B6887F,ENCRYPTED,A58B4D,5,3.870474,88B6887FDD605F11D71361250D22
2026-04-15T18:13:33.728Z,643,recv,FE5574,ENCRYPTED,C0FFEE,4,3.214553,8DFE557476C79F54165198292E65
2026-04-15T18:13:33.829Z,644,recv,A1B2C3,UNKNOWN,000000,5,3.934538,89A1B2C39893203E12529755B88C
2026-04-15T18:13:33.927Z,645,recv,FE1D43,ENCRYPTED,45AB3C,1,1.304528,88FE1D43C0068DB1BD70C9EC37BA
2026-04-15T18:13:34.030Z,646,recv,4E5EDF,ENCRYPTED,7C1D2E,3,2.486214,884E5EDFF360AB7BFA6D026BE282
2026-04-15T18:13:34.131Z,647,recv,7C1D2E,UNKNOWN,000000,5,3.839854,8A7C1D2E9A9D9234021091D8C734
2026-04-15T18:13:34.232Z,648,recv,A58B4D,UNKNOWN,000000,5,3.815454,89A58B4DF12004ADF9E2059C0064
2026-04-15T18:13:34.334Z,649,recv,B6887F,ENCRYPTED,A58B4D,5,4.090912,88B6887F9B1D78826C03EA33A751
2026-04-15T18:13:34.434Z,650,recv,45AB3C,UNKNOWN,000000,5,4.262076,8F45AB3C08CBAE59CA65CA7482AA
2026-04-15T18:13:34.535Z,651,recv,C0FFEE,UNKNOWN,000000,5,4.686492,8FC0FFEE167E8062527037056F9D
2026-04-15T18:13:34.636Z,652,recv,35968B,UNKNOWN,000000,5,4.106155,8835968BECE946ED17FC8C679625
2026-04-15T18:13:34.738Z,653,recv,C70B26,UNKNOWN,000000,5,4.848357,8CC70B262C39E394D22BAD8189C1
2026-04-15T18:13:34.838Z,654,recv,C0FFEE,UNKNOWN,000000,5,4.238231,8CC0FFEE7A2DA8ED7B011A288BE3
2026-04-15T18:13:34.938Z,655,recv,A1B2C3,UNKNOWN,000000,5,4.219120,8EA1B2C33477B90858987F62F555
2026-04-15T18:13:35.038Z,656,recv,C0FFEE,UNKNOWN,000000,5,3.217304,8AC0FFEE933CBCCBC13B82973A3F
2026-04-15T18:13:35.139Z,657,recv,C0FFEE,UNKNOWN,000000,5,3.712523,8AC0FFEEA7FD7ADCCE12073BE4F6
2026-04-15T18:13:35.239Z,658,recv,35968B,ENCRYPTED,7C1D2E,3,2.490294,8835968B9C2F5BC8532EBBF754A7
2026-04-15T18:13:35.341Z,659,recv,A58B4D,UNKNOWN,000000,5,3.893956,8FA58B4DD817C00E6FB41E056F8D
2026-04-15T18:13:35.440Z,660,recv,C70B26,ENCRYPTED,45AB3C,1,1.154475,89C70B26E9F56972115C58EB05B2
2026-04-15T18:13:35.543Z,661,recv,7C1D2E,UNKNOWN,000000,5,3.856351,887C1D2EBABF0FADEBA538B589F4
2026-04-15T18:13:35.642Z,662,recv,575CDC,ENCRYPTED,A1B2C3,2,1.925349,8F575CDC45C2DE240BE56310BCAE
2026-04-15T18:13:35.744Z,663,recv,35968B,ENCRYPTED,7C1D2E,3,2.466793,8D35968BD9F5FC57ED747495F8FB
2026-04-15T18:13:35.845Z,664,recv,575CDC,ENCRYPTED,A1B2C3,2,1.798854,8A575CDC49C8CA776DCED6525545
2026-04-15T18:13:35.945Z,665,recv,C70B26,ENCRYPTED,45AB3C,1,1.183324,8DC70B2681A25B2010006C86EC51
2026-04-15T18:13:36.048Z,666,recv,A58B4D,UNKNOWN,000000,5,3.390716,88A58B4DEB8A0E79D0DA4F319750
2026-04-15T18:13:36.148Z,667,recv,45AB3C,UNKNOWN,000000,5,3.852193,8845AB3C4308FBE042B8187DC42F
2026-04-15T18:13:36.249Z,668,recv,35968B,ENCRYPTED,7C1D2E,3,2.627358,8B35968BD3BC7746339BBEC82BAD
2026-04-15T18:13:36.350Z,669,recv,35968B,ENCRYPTED,7C1D2E,3,2.526266,8B35968B1B1D9A0A8AFADB7305C9
2026-04-15T18:13:36.451Z,670,recv,A58B4D,UNKNOWN,000000,5,3.836896,8CA58B4DCFB458CCEA1228BBA597
2026-04-15T18:13:36.552Z,671,recv,A58B4D,UNKNOWN,000000,5,3.909152,8CA58B4DF347D44895A599AC9A58
2026-04-15T18:13:36.651Z,672,recv,C70B26,ENCRYPTED,45AB3C,1,1.168910,8EC70B26D0CBFBCBCEBD342149D1
2026-04-15T18:13:36.755Z,673,recv,FDD9F4,ENCRYPTED,A58B4D,5,3.910859,8AFDD9F428CBD5FC705C2C92355B
2026-04-15T18:13:36.855Z,674,recv,35968B,ENCRYPTED,7C1D2E,3,2.651556,8B35968B4343AF261FAE2BFA779B
2026-04-15T18:13:36.956Z,675,recv,C0FFEE,UNKNOWN,000000,5,3.724273,8FC0FFEEDAFE97218BD19AF10F62
2026-04-15T18:13:37.058Z,676,recv,FDD9F4,ENCRYPTED,A58B4D,5,3.853613,8EFDD9F46DF0ECFEBED52B631715
2026-04-15T18:13:37.158Z,677,recv,35968B,ENCRYPTED,7C1D2E,3,2.593443,8F35968B2DFAFBCC9A3390EC3D9A
2026-04-15T18:13:37.260Z,678,recv,45AB3C,UNKNOWN,000000,5,3.933306,8A45AB3CA055EDE4E57538E23708
2026-04-15T18:13:37.361Z,679,recv,3E9354,ENCRYPTED,C0FFEE,4,3.220519,8E3E9354C108370060A9360C1E7A
2026-04-15T18:13:37.463Z,680,recv,FDD9F4,ENCRYPTED,A58B4D,5,3.915808,8EFDD9F467AD36A2293FEF0A9E3D
2026-04-15T18:13:37.563Z,681,recv,A1B2C3,UNKNOWN,000000,5,3.807140,88A1B2C317D8212D31D2CC79A869
2026-04-15T18:13:37.664Z,682,recv,A1B2C3,UNKNOWN,000000,5,4.153922,89A1B2C3D0D01873C805A61E8230
2026-04-15T18:13:37.765Z,683,recv,FDD9F4,ENCRYPTED,A58B4D,5,3.929401,8DFDD9F4146BD8AC6ABBDDD52858
2026-04-15T18:13:37.866Z,684,recv,7C1D2E,UNKNOWN,000000,5,4.098961,8C7C1D2EDED8787BCF33CB27F450
2026-04-15T18:13:37.966Z,685,recv,A58B4D,UNKNOWN,000000,5,3.824736,89A58B4D9EFA8A19CEBA84C416FA
2026-04-15T18:13:38.066Z,686,recv,45AB3C,UNKNOWN,000000,5,3.848948,8845AB3C51E3C712F8DD00E1B27D
2026-04-15T18:13:38.165Z,687,recv,C70B26,ENCRYPTED,45AB3C,1,1.508255,8EC70B265A2EAD5FD5E1246CD23E
2026-04-15T18:13:38.267Z,688,recv,35968B,ENCRYPTED,7C1D2E,3,3.002932,8835968B34D55DB2823046AC9AC0
2026-04-15T18:13:38.370Z,689,recv,FDD9F4,ENCRYPTED,A58B4D,5,3.995429,8AFDD9F4E36CB896A31580EB383C
2026-04-15T18:13:38.471Z,690,recv,FDD9F4,ENCRYPTED,A58B4D,5,3.761024,8AFDD9F4EFF0850C9D9C072BA831
2026-04-15T18:13:38.571Z,691,recv,7C1D2E,UNKNOWN,000000,5,3.906021,8E7C1D2E1CBC678739F1A7C26863
2026-04-15T18:13:38.672Z,692,recv,35968B,ENCRYPTED,7C1D2E,3,2.779089,8E35968B9EF90418EB218DB2B171
2026-04-15T18:13:38.773Z,693,recv,C0FFEE,UNKNOWN,000000,5,3.718370,8BC0FFEE11950C8ED78BA5BEE244
2026-04-15T18:13:38.874Z,694,recv,3E9354,ENCRYPTED,C0FFEE,4,3.407059,8C3E9354E7D78C23EEB2434E30D1
2026-04-15T18:13:38.975Z,695,recv,7C1D2E,UNKNOWN,000000,5,4.031693,8E7C1D2EFE6473557BE5D3A6D0BA
2026-04-15T18:13:39.075Z,696,recv,7C1D2E,UNKNOWN,000000,5,4.101909,897C1D2EDEACC80CC95D68A4B33E
2026-04-15T18:13:39.176Z,697,recv,C0FFEE,UNKNOWN,000000,5,3.888098,8FC0FFEE8640722BE9BACD6192A6
2026-04-15T18:13:39.277Z,698,recv,C0FFEE,UNKNOWN,000000,5,4.269340,89C0FFEE68892EB0E1692F995DB7
2026-04-15T18:13:39.377Z,699,recv,3E9354,ENCRYPTED,C0FFEE,4,3.190592,8A3E93541F0CBDCCCD71D91AC44E
2026-04-15T18:13:39.478Z,700,recv,7C1D2E,UNKNOWN,000000,5,3.838107,8C7C1D2ED495F755E10A00823FE6
2026-04-15T18:13:39.579Z,701,recv,4B6E68,UNKNOWN,000000,5,3.862767,8D4B6E68A7217716830C69A995F7
2026-04-15T18:13:39.680Z,702,recv,C0FFEE,UNKNOWN,000000,5,3.897348,8BC0FFEEE35297A0A05D04642A8A
2026-04-15T18:13:39.781Z,703,recv,62E077,UNKNOWN,000000,5,3.857024,8962E0775595550E1F377957F62B
2026-04-15T18:13:39.882Z,704,recv,A58B4D,UNKNOWN,000000,5,4.024794,89A58B4D6199A8D981D328C6A3CB
2026-04-15T18:13:39.982Z,705,recv,F07F19,UNKNOWN,000000,5,3.241914,8CF07F197D603CD2527448EABFCA
2026-04-15T18:13:40.084Z,706,recv,45AB3C,UNKNOWN,000000,5,3.919783,8C45AB3CCF20079B2FF7D7DFC3B3
2026-04-15T18:13:40.182Z,707,recv,62E077,ENCRYPTED,45AB3C,1,1.383314,8A62E0777CE974E9F4F63FB5324C
2026-04-15T18:13:40.284Z,708,recv,4B6E68,ENCRYPTED,A1B2C3,2,2.274910,884B6E682B20BBFE9F0F08049C84
2026-04-15T18:13:40.386Z,709,recv,7C1D2E,UNKNOWN,000000,5,3.871661,8B7C1D2EBA928D617D191D50C60D
2026-04-15T18:13:40.487Z,710,recv,A58B4D,UNKNOWN,000000,5,3.810839,8FA58B4D0D33DB9D2A36648D10B4
2026-04-15T18:13:40.588Z,711,recv,7C1D2E,UNKNOWN,000000,5,4.383889,8E7C1D2EB13CB8D4B77CD6C09315
2026-04-15T18:13:40.687Z,712,recv,A1B2C3,UNKNOWN,000000,5,3.324067,8FA1B2C3C41F2F5599BA297C0339
2026-04-15T18:13:40.789Z,713,recv,0450C7,ENCRYPTED,A58B4D,5,3.910868,8B0450C72693051D56BDC6FA87BC
2026-04-15T18:13:40.890Z,714,recv,A1B2C3,UNKNOWN,000000,5,4.044791,89A1B2C36EF31C3150B31888A677
2026-04-15T18:13:40.990Z,715,recv,45AB3C,UNKNOWN,000000,5,3.974419,8E45AB3CEB5ABA22BC620D61C3BF
2026-04-15T18:13:41.091Z,716,recv,C0FFEE,UNKNOWN,000000,5,4.003100,8FC0FFEECB669FFAC54F56F9D665
2026-04-15T18:13:41.192Z,717,recv,4B6E68,ENCRYPTED,A1B2C3,2,2.445905,894B6E68D316F294CAB52BFAF63A
2026-04-15T18:13:41.292Z,718,recv,C0FFEE,UNKNOWN,000000,5,3.714955,88C0FFEE43ABB6111FDC928B0EE5
2026-04-15T18:13:41.391Z,719,recv,62E077,ENCRYPTED,45AB3C,1,1.261334,8C62E077D19242AC96FB4FE702B9
2026-04-15T18:13:41.495Z,720,recv,0450C7,ENCRYPTED,A58B4D,5,4.231607,8E0450C7B84524505A44B037528D
2026-04-15T18:13:41.594Z,721,recv,4B6E68,ENCRYPTED,A1B2C3,2,1.842045,894B6E687EC580801BCED39B6BAD
2026-04-15T18:13:41.697Z,722,recv,A58B4D,UNKNOWN,000000,5,4.111974,8EA58B4D2948FC69F23CB17FB587
2026-04-15T18:13:41.798Z,723,recv,7C1D2E,UNKNOWN,000000,5,4.417343,8C7C1D2EE074B6806A15C038025C
2026-04-15T18:13:41.898Z,724,recv,A1B2C3,UNKNOWN,000000,5,4.251628,8AA1B2C3DF6AFB914E74C4C3D5B6
2026-04-15T18:13:41.997Z,725,recv,62E077,ENCRYPTED,45AB3C,1,1.112755,8A62E077FB0EC662CFEA899BFDA6
2026-04-15T18:13:42.099Z,726,recv,4B6E68,ENCRYPTED,A1B2C3,2,1.810295,8E4B6E68A0F4A9962C2F8CE71091
2026-04-15T18:13:42.201Z,727,recv,C0FFEE,UNKNOWN,000000,5,4.072694,8DC0FFEE7F2D0E42252A6E966CBF
2026-04-15T18:13:42.302Z,728,recv,45AB3C,UNKNOWN,000000,5,4.547134,8B45AB3C5F6AEEAE858E9988A666
2026-04-15T18:13:42.402Z,729,recv,4DF931,ENCRYPTED,C0FFEE,4,3.313207,8A4DF9313F8A62287D3D38199DFF
2026-04-15T18:13:42.503Z,730,recv,45AB3C,UNKNOWN,000000,5,3.759554,8F45AB3C40C335017E46878984B9
2026-04-15T18:13:42.604Z,731,recv,F07F19,ENCRYPTED,7C1D2E,3,2.450379,8AF07F19C9AF1DE6C283490C9CB6
2026-04-15T18:13:42.705Z,732,recv,A1B2C3,UNKNOWN,000000,5,4.062222,8EA1B2C33C5F2C3543502823932D
2026-04-15T18:13:42.804Z,733,recv,4B6E68,ENCRYPTED,A1B2C3,2,2.196624,894B6E6879764BC5857C2BA9C652
2026-04-15T18:13:42.907Z,734,recv,4DF931,ENCRYPTED,C0FFEE,4,3.407562,8B4DF931267B5548B39A0D9E24DF
2026-04-15T18:13:43.008Z,735,recv,A58B4D,UNKNOWN,000000,5,3.957165,89A58B4DA5011559235A010A5DA6
2026-04-15T18:13:43.106Z,736,recv,62E077,ENCRYPTED,45AB3C,1,1.141112,8A62E0775A490DFB3646207C1A3A
2026-04-15T18:13:43.210Z,737,recv,A58B4D,UNKNOWN,000000,5,3.805829,8BA58B4D98BC518F46518EEFBF09
2026-04-15T18:13:43.311Z,738,recv,7C1D2E,UNKNOWN,000000,5,4.532520,8E7C1D2E331CBF8E829B0FCF586B
2026-04-15T18:13:43.411Z,739,recv,4DF931,ENCRYPTED,C0FFEE,4,3.027047,884DF931DB2D6DB92348764779E4
2026-04-15T18:13:43.513Z,740,recv,A1B2C3,UNKNOWN,000000,5,4.724268,88A1B2C3BA314D00F09DF4AF0F80
2026-04-15T18:13:43.611Z,741,recv,45AB3C,UNKNOWN,000000,5,3.019593,8F45AB3C6115B92D1F6B9E62B00B
2026-04-15T18:13:43.711Z,742,recv,62E077,ENCRYPTED,45AB3C,1,1.179553,8D62E0774B86C6212AA827BFAA2B
2026-04-15T18:13:43.816Z,743,recv,0450C7,ENCRYPTED,A58B4D,5,4.417563,880450C739DB130E07E8D13B3E5E
2026-04-15T18:13:43.916Z,744,recv,7C1D2E,UNKNOWN,000000,5,4.118676,8F7C1D2E7C3DC8549002EAEB5ACF
2026-04-15T18:13:44.016Z,745,recv,A1B2C3,UNKNOWN,000000,5,3.689149,8FA1B2C33A068DF54F569750565C
2026-04-15T18:13:44.117Z,746,recv,4DF931,ENCRYPTED,C0FFEE,4,3.200019,884DF93111AC9E85D4142916D73D
2026-04-15T18:13:44.218Z,747,recv,A1B2C3,UNKNOWN,000000,5,3.856345,88A1B2C335A77DAE1D76EFF33BD7
2026-04-15T18:13:44.317Z,748,recv,62E077,ENCRYPTED,45AB3C,1,1.446699,8B62E077599B3FC09485B0462A0F
2026-04-15T18:13:44.420Z,749,recv,045C29,UNKNOWN,000000,5,3.994616,8D045C29BA61323F1C73AF584A94
2026-04-15T18:13:44.522Z,750,recv,661C23,UNKNOWN,000000,5,4.136945,88661C2376E842EFCF520E514966
2026-04-15T18:13:44.623Z,751,recv,B66637,UNKNOWN,000000,5,4.001454,8CB6663734E4A8443356CA5057FA
2026-04-15T18:13:44.723Z,752,recv,45AB3C,UNKNOWN,000000,5,3.812307,8B45AB3CF7D52525AF97EBA18DEE
2026-04-15T18:13:44.825Z,753,recv,CC5EEB,UNKNOWN,000000,5,4.068995,8DCC5EEB3F570AB2E052F95432AF
2026-04-15T18:13:44.925Z,754,recv,45AB3C,UNKNOWN,000000,5,4.103337,8B45AB3C95CB53BE01EF12C609BA
2026-04-15T18:13:45.025Z,755,recv,A58B4D,UNKNOWN,000000,5,3.670393,8DA58B4D82337F417A155EA9A18A
2026-04-15T18:13:45.125Z,756,recv,31295C,ENCRYPTED,A1B2C3,2,2.321254,8931295CFE401668606D9424BF60
2026-04-15T18:13:45.227Z,757,recv,045C29,ENCRYPTED,C0FFEE,4,3.392912,89045C2921D16DBADE7DD4B067BF
2026-04-15T18:13:45.329Z,758,recv,C0FFEE,UNKNOWN,000000,5,4.210200,88C0FFEEE58C30D1F76BC3A7BC0C
2026-04-15T18:13:45.429Z,759,recv,045C29,ENCRYPTED,C0FFEE,4,3.446834,8B045C2965895CD8D0D015F862C9
2026-04-15T18:13:45.528Z,760,recv,CC5EEB,ENCRYPTED,45AB3C,1,1.227865,8DCC5EEB8CA3F1A5421309BD8538
2026-04-15T18:13:45.630Z,761,recv,31295C,ENCRYPTED,A1B2C3,2,1.807671,8D31295C32723F559F1C76132C07
2026-04-15T18:13:45.733Z,762,recv,045C29,ENCRYPTED,C0FFEE,4,3.156805,8B045C29939F7356CB3E29487625
2026-04-15T18:13:45.833Z,763,recv,31295C,ENCRYPTED,A1B2C3,2,1.898766,8F31295C3189AABAEC282AB4A61B
2026-04-15T18:13:45.937Z,764,recv,45AB3C,UNKNOWN,000000,5,5.028917,8B45AB3CDD103F8DE6BE3B4F47F0
2026-04-15T18:13:46.036Z,765,recv,045C29,ENCRYPTED,C0FFEE,4,2.799136,88045C29C5440969FFB501B2E902
2026-04-15T18:13:46.137Z,766,recv,A58B4D,UNKNOWN,000000,5,3.929346,8FA58B4D545A7536C2FEC268725D
2026-04-15T18:13:46.238Z,767,recv,C0FFEE,UNKNOWN,000000,5,3.814347,8FC0FFEEB414FAEF97DD849A8CC9
2026-04-15T18:13:46.337Z,768,recv,31295C,ENCRYPTED,A1B2C3,2,1.899208,8F31295CFCF10C9C25F028392B94
2026-04-15T18:13:46.439Z,769,recv,B66637,ENCRYPTED,7C1D2E,3,2.553017,88B66637E366C1F45C7097624D78
2026-04-15T18:13:46.541Z,770,recv,A1B2C3,UNKNOWN,000000,5,3.753966,8CA1B2C36E3CDB938B7C30AF3F11
2026-04-15T18:13:46.642Z,771,recv,C0FFEE,UNKNOWN,000000,5,4.196602,8CC0FFEE145BB9DB028241A7AE03
2026-04-15T18:13:46.742Z,772,recv,C0FFEE,UNKNOWN,000000,5,3.866293,8FC0FFEEA7C8218002D18AD2DDD4
2026-04-15T18:13:46.843Z,773,recv,7C1D2E,UNKNOWN,000000,5,3.965157,8E7C1D2E841CA97134CF0BAA2545
2026-04-15T18:13:46.943Z,774,recv,C0FFEE,UNKNOWN,000000,5,3.984671,8BC0FFEE54F2A468CF8BB6812353
2026-04-15T18:13:47.043Z,775,recv,C0FFEE,UNKNOWN,000000,5,3.907730,8BC0FFEE69ABF5C14407004EC293
2026-04-15T18:13:47.144Z,776,recv,A58B4D,UNKNOWN,000000,5,4.128795,8AA58B4D9FF92D97992D9FC7483B
2026-04-15T18:13:47.245Z,777,recv,A58B4D,UNKNOWN,000000,5,3.953641,88A58B4D628A6AFAB51CA25C23D1
2026-04-15T18:13:47.345Z,778,recv,45AB3C,UNKNOWN,000000,5,4.095484,8C45AB3CF713E1543E766EBB63C2
2026-04-15T18:13:47.445Z,779,recv,7C1D2E,UNKNOWN,000000,5,3.861117,887C1D2E7BE8249B99713539B733
2026-04-15T18:13:47.546Z,780,recv,C0FFEE,UNKNOWN,000000,5,3.862050,89C0FFEE13EE56215BC03CFBB9B5
2026-04-15T18:13:47.646Z,781,recv,A1B2C3,UNKNOWN,000000,5,3.951443,8DA1B2C337EC90A6980686542AF1
2026-04-15T18:13:47.747Z,782,recv,45AB3C,UNKNOWN,000000,5,3.995229,8C45AB3C4A7A43E0EB301F05BBAF
2026-04-15T18:13:47.846Z,783,recv,CC5EEB,ENCRYPTED,45AB3C,1,1.183878,8ECC5EEB494C476652077BC68965
2026-04-15T18:13:47.949Z,784,recv,045C29,ENCRYPTED,C0FFEE,4,3.222521,8A045C2921123BB1336F0CEF7E51
2026-04-15T18:13:48.049Z,785,recv,B66637,ENCRYPTED,7C1D2E,3,2.439102,8EB66637B84B2A77A11B93CAF548
2026-04-15T18:13:48.151Z,786,recv,7C1D2E,UNKNOWN,000000,5,3.964902,8A7C1D2E8683281D2D6F3D6D3B08
2026-04-15T18:13:48.252Z,787,recv,045C29,ENCRYPTED,C0FFEE,4,3.491128,8E045C29453839360C16F5D08BCA
2026-04-15T18:13:48.353Z,788,recv,C0FFEE,UNKNOWN,000000,5,4.082618,8DC0FFEEDD034EE25496ED4CA167
2026-04-15T18:13:48.453Z,789,recv,045C29,ENCRYPTED,C0FFEE,4,3.061745,8C045C2947692E3AC4BFF422B4F0
2026-04-15T18:13:48.554Z,790,recv,31295C,ENCRYPTED,A1B2C3,2,1.878830,8931295C2A8462E7A45CAD3B2686
2026-04-15T18:13:48.655Z,791,recv,B66637,ENCRYPTED,7C1D2E,3,2.522795,8CB666373CA0235E6159D184092D
2026-04-15T18:13:48.757Z,792,recv,A58B4D,UNKNOWN,000000,5,3.870192,8CA58B4D8D4207DED8D0F7337848
2026-04-15T18:13:48.857Z,793,recv,B66637,ENCRYPTED,7C1D2E,3,2.778104,8EB666374AC4BB384244DAF12FED
2026-04-15T18:13:48.960Z,794,recv,045C29,ENCRYPTED,C0FFEE,4,3.540939,8D045C29D83465882E578F6074E3
2026-04-15T18:13:49.058Z,795,recv,CC5EEB,ENCRYPTED,45AB3C,1,1.210263,8FCC5EEB5B08830ACC50A1CC3AFA
2026-04-15T18:13:49.162Z,796,recv,A1B2C3,UNKNOWN,000000,5,3.883952,8AA1B2C30C414EB589A8D2149667
2026-04-15T18:13:49.262Z,797,recv,A58B4D,UNKNOWN,000000,5,3.924207,8BA58B4DFB5A6E3ADC52F502A721
2026-04-15T18:13:49.362Z,798,recv,31295C,ENCRYPTED,A1B2C3,2,1.899691,8B31295C9F3C414EF5C08BE4A3E8
2026-04-15T18:13:49.465Z,799,recv,2B9136,UNKNOWN,000000,5,3.956480,8A2B9136286F0721CB22E8421C8F
2026-04-15T18:13:49.566Z,800,recv,69F85B,UNKNOWN,000000,5,3.874752,8E69F85B7C767E72FA5C1CA54F2B
2026-04-15T18:13:49.676Z,801,recv,2B9136,UNKNOWN,000000,5,11.986288,8D2B913627EA95AEA51C84F5C868
2026-04-15T18:13:49.767Z,802,recv,69F85B,UNKNOWN,000000,5,2.271645,8F69F85BD81D750E23FB75FBEE76
2026-04-15T18:13:49.870Z,803,recv,2B9136,UNKNOWN,000000,5,3.500279,8B2B913611EB53696239235B5167
2026-04-15T18:13:49.971Z,804,recv,3D5586,UNKNOWN,000000,5,3.628770,8B3D5586AF7D08FA0235DE9722EC
2026-04-15T18:13:50.072Z,805,recv,C0FFEE,UNKNOWN,000000,5,4.170393,8FC0FFEE17D6D2810D6672CAB917
2026-04-15T18:13:50.172Z,806,recv,7C1D2E,UNKNOWN,000000,5,3.813057,8B7C1D2E7ECA3E2BF0314E83CD32
2026-04-15T18:13:50.275Z,807,recv,FC9335,ENCRYPTED,A58B4D,5,4.556340,8FFC9335A8690A6EA431CF22AC5D
2026-04-15T18:13:50.374Z,808,recv,C1C27A,ENCRYPTED,C0FFEE,4,3.214084,88C1C27AC844417B044DA44F69BA
2026-04-15T18:13:50.476Z,809,recv,C1C27A,ENCRYPTED,C0FFEE,4,3.206087,8EC1C27AAA4A96446AE9E703FB6A
2026-04-15T18:13:50.576Z,810,recv,3D5586,ENCRYPTED,A1B2C3,2,1.946681,8E3D5586237ABAD43A0B80C01BB0
2026-04-15T18:13:50.679Z,811,recv,FC9335,ENCRYPTED,A58B4D,5,4.344156,8EFC9335C0903EDB034F07A0BBDF
2026-04-15T18:13:50.779Z,812,recv,C0FFEE,UNKNOWN,000000,5,4.217307,8CC0FFEEF86E0D71F4787C9BC83A
2026-04-15T18:13:50.880Z,813,recv,45AB3C,UNKNOWN,000000,5,4.007830,8F45AB3CF952223118B4D2ABF229
2026-04-15T18:13:50.980Z,814,recv,C0FFEE,UNKNOWN,000000,5,3.880757,8DC0FFEE18DA97A8622192C6A3D0
2026-04-15T18:13:51.081Z,815,recv,A1B2C3,UNKNOWN,000000,5,3.939429,8CA1B2C386C0EF732ACB7E929492
2026-04-15T18:13:51.181Z,816,recv,7C1D2E,UNKNOWN,000000,5,3.887148,8C7C1D2E2F2640DAEDD23702A663
2026-04-15T18:13:51.281Z,817,recv,3D5586,ENCRYPTED,A1B2C3,2,2.037071,8C3D5586B1ECE2B5024DDAE66CB4
2026-04-15T18:13:51.383Z,818,recv,7C1D2E,UNKNOWN,000000,5,3.864803,8A7C1D2EA93BDE4C3BEB6D17153D
2026-04-15T18:13:51.482Z,819,recv,3D5586,ENCRYPTED,A1B2C3,2,1.817980,893D5586790D13B1CDC50A706498
2026-04-15T18:13:51.585Z,820,recv,C1C27A,ENCRYPTED,C0FFEE,4,3.202620,8AC1C27A0CE9F567EC7831EFED91
2026-04-15T18:13:51.686Z,821,recv,69F85B,ENCRYPTED,7C1D2E,3,2.528877,8969F85B1EF5A3BB55CB4E81E0CD
2026-04-15T18:13:51.786Z,822,recv,2B9136,ENCRYPTED,45AB3C,1,1.227845,8A2B9136D01EE00D1428F1737BDC
2026-04-15T18:13:51.889Z,823,recv,C1C27A,ENCRYPTED,C0FFEE,4,3.293653,8CC1C27A250F55C69D585E5B7EA2
2026-04-15T18:13:51.990Z,824,recv,45AB3C,UNKNOWN,000000,5,3.847872,8F45AB3C312F3FA2F67D8603FE90
2026-04-15T18:13:52.091Z,825,recv,45AB3C,UNKNOWN,000000,5,3.823482,8845AB3C9C40C00EB358C4E310A2
2026-04-15T18:13:52.192Z,826,recv,FC9335,ENCRYPTED,A58B4D,5,4.081413,89FC933572AFB8BFE5F73AA0D184
2026-04-15T18:13:52.292Z,827,recv,69F85B,ENCRYPTED,7C1D2E,3,2.692858,8E69F85B84B7D93ED52CEC68A4C7
2026-04-15T18:13:52.394Z,828,recv,C1C27A,ENCRYPTED,C0FFEE,4,3.342810,88C1C27A92A2548F650A7B433DE0
2026-04-15T18:13:52.495Z,829,recv,C1C27A,ENCRYPTED,C0FFEE,4,3.373232,8AC1C27A307207EF4E60107246FC
2026-04-15T18:13:52.596Z,830,recv,C1C27A,ENCRYPTED,C0FFEE,4,3.223884,8EC1C27A77F7CE2B395A6002EFCB
2026-04-15T18:13:52.698Z,831,recv,69F85B,ENCRYPTED,7C1D2E,3,2.687955,8B69F85B79486DDF876096F7EB09
2026-04-15T18:13:52.800Z,832,recv,7C1D2E,UNKNOWN,000000,5,4.265688,8D7C1D2E89DDD5BBED31B5572C61
2026-04-15T18:13:52.899Z,833,recv,3D5586,ENCRYPTED,A1B2C3,2,2.080872,8A3D558667BF027FA5BA4BFF3D98
2026-04-15T18:13:53.001Z,834,recv,45AB3C,UNKNOWN,000000,5,3.981835,8C45AB3C0D24785E7F052C12363E
2026-04-15T18:13:53.102Z,835,recv,69F85B,ENCRYPTED,7C1D2E,3,2.820755,8C69F85B2CB359E308C7545C9E99
2026-04-15T18:13:53.203Z,836,recv,7C1D2E,UNKNOWN,000000,5,3.536294,8F7C1D2E762FFA88B8BC683446C3
2026-04-15T18:13:53.304Z,837,recv,C1C27A,ENCRYPTED,C0FFEE,4,3.180979,8CC1C27ACDE04B5E63C9DEA22A51
2026-04-15T18:13:53.404Z,838,recv,69F85B,ENCRYPTED,7C1D2E,3,2.426821,8A69F85BEEF5726DEB6881123323
2026-04-15T18:13:53.506Z,839,recv,69F85B,ENCRYPTED,7C1D2E,3,3.352570,8869F85BB78DBDA9C137A6A9C15D
2026-04-15T18:13:53.607Z,840,recv,A1B2C3,UNKNOWN,000000,5,3.479214,8DA1B2C39BB645AB055A29C90F96
2026-04-15T18:13:53.708Z,841,recv,45AB3C,UNKNOWN,000000,5,4.041431,8C45AB3CA8DC972C24328439A2D3
2026-04-15T18:13:53.808Z,842,recv,C1C27A,ENCRYPTED,C0FFEE,4,3.242948,8CC1C27A5D30B7CB489E9161FDA5
2026-04-15T18:13:53.908Z,843,recv,3D5586,ENCRYPTED,A1B2C3,2,2.051667,8F3D5586CA1BFC48A697B34A3E86
2026-04-15T18:13:54.010Z,844,recv,C0FFEE,UNKNOWN,000000,5,4.233861,8EC0FFEE612FEC041BE36173DB76
2026-04-15T18:13:54.111Z,845,recv,A1B2C3,UNKNOWN,000000,5,4.247691,8DA1B2C3BC7E2FB4AF1B28EF7F0D
2026-04-15T18:13:54.211Z,846,recv,C1C27A,ENCRYPTED,C0FFEE,4,3.288665,8AC1C27AC88F02D07662A44F1156
2026-04-15T18:13:54.310Z,847,recv,2B9136,ENCRYPTED,45AB3C,1,1.152103,8B2B9136CC98E2B7E65C69935A64
2026-04-15T18:13:54.414Z,848,recv,810636,UNKNOWN,000000,5,3.988552,8D810636DF8249796BA5CE31A559
2026-04-15T18:13:54.516Z,849,recv,FD5595,UNKNOWN,000000,5,3.912716,8BFD559588AD4FAE99E4515DBE59
2026-04-15T18:13:54.616Z,850,recv,A58B4D,UNKNOWN,000000,5,3.906765,88A58B4DEF45E7C82CCFD7716AAA
2026-04-15T18:13:54.717Z,851,recv,45AB3C,UNKNOWN,000000,5,3.950462,8845AB3C13D2744147BCE5AAECF6
2026-04-15T18:13:54.818Z,852,recv,C0FFEE,UNKNOWN,000000,5,4.850413,8DC0FFEEF1A4B7BEA744C198E5D7
2026-04-15T18:13:54.918Z,853,recv,C0FFEE,UNKNOWN,000000,5,3.860624,8FC0FFEEA4EED97E9226067930B4
2026-04-15T18:13:55.017Z,854,recv,FD5595,ENCRYPTED,A1B2C3,2,1.752496,8DFD55953257FAF9D9F6014D8095
2026-04-15T18:13:55.120Z,855,recv,810636,ENCRYPTED,7C1D2E,3,3.026757,8D810636BF6F126E7D15EC28F666
2026-04-15T18:13:55.220Z,856,recv,FD5595,ENCRYPTED,A1B2C3,2,1.808419,8AFD55955CA68466CACA39050215
2026-04-15T18:13:55.322Z,857,recv,810636,ENCRYPTED,7C1D2E,3,2.677518,8C81063674CA01A3182B2E8DBC80
2026-04-15T18:13:55.424Z,858,recv,C0FFEE,UNKNOWN,000000,5,4.846075,8DC0FFEE79A3BE96530FAC93C8D7
2026-04-15T18:13:55.523Z,859,recv,4E311C,ENCRYPTED,C0FFEE,4,2.688501,8A4E311C956526E887CD70223535
2026-04-15T18:13:55.625Z,860,recv,4E311C,ENCRYPTED,C0FFEE,4,3.191651,8D4E311C1FAE2571B30CB195318A
2026-04-15T18:13:55.728Z,861,recv,9D803E,ENCRYPTED,A58B4D,5,4.304626,889D803E8AD64296C9769D3700B4
2026-04-15T18:13:55.826Z,862,recv,0F2CA1,ENCRYPTED,45AB3C,1,1.155008,8C0F2CA1BB87DB7C3D83A4B8D185
2026-04-15T18:13:55.929Z,863,recv,45AB3C,UNKNOWN,000000,5,3.816292,8845AB3C1BC6031491AD10426D9A
2026-04-15T18:13:56.028Z,864,recv,45AB3C,UNKNOWN,000000,5,3.228593,8845AB3CBAC755BC5E73D594B37B
2026-04-15T18:13:56.128Z,865,recv,0F2CA1,ENCRYPTED,45AB3C,1,1.215331,8F0F2CA18894990B190FE80A42C3
2026-04-15T18:13:56.230Z,866,recv,FD5595,ENCRYPTED,A1B2C3,2,1.889791,88FD5595C5E1BB3C9F2A37B4F302
2026-04-15T18:13:56.333Z,867,recv,9D803E,ENCRYPTED,A58B4D,5,3.816107,8E9D803ED73B09DEA7C34FA8DCB4
2026-04-15T18:13:56.433Z,868,recv,7C1D2E,UNKNOWN,000000,5,3.929466,8E7C1D2E2E56291CD0A1BDC35083
2026-04-15T18:13:56.532Z,869,recv,0F2CA1,ENCRYPTED,45AB3C,1,1.186179,8F0F2CA1144BA433177382DE3495
2026-04-15T18:13:56.635Z,870,recv,A1B2C3,UNKNOWN,000000,5,4.272498,8EA1B2C32A7300229E772E2CD33A
2026-04-15T18:13:56.736Z,871,recv,7C1D2E,UNKNOWN,000000,5,4.016927,8B7C1D2E1FBC864E1B8A5EA882B6
2026-04-15T18:13:56.837Z,872,recv,C0FFEE,UNKNOWN,000000,5,4.282053,8AC0FFEEB54FBD85B3CAFC94C4FD
2026-04-15T18:13:56.938Z,873,recv,A58B4D,UNKNOWN,000000,5,4.901592,8DA58B4DDFCFB9EED9DBAE976DAC
2026-04-15T18:13:57.038Z,874,recv,45AB3C,UNKNOWN,000000,5,4.647107,8C45AB3C561E483A4DE2758DEDC3
2026-04-15T18:13:57.137Z,875,recv,810636,ENCRYPTED,7C1D2E,3,2.632283,8D810636315500041E0BBD01A33F
2026-04-15T18:13:57.239Z,876,recv,C0FFEE,UNKNOWN,000000,5,4.481660,8BC0FFEEDFFC6629E90B895D90BE
2026-04-15T18:13:57.339Z,877,recv,810636,ENCRYPTED,7C1D2E,3,3.035028,8881063612EFBBD4A7ED3978C779
2026-04-15T18:13:57.440Z,878,recv,C0FFEE,UNKNOWN,000000,5,3.852429,8CC0FFEEA7059692E47DA08E9444
2026-04-15T18:13:57.541Z,879,recv,45AB3C,UNKNOWN,000000,5,4.108273,8B45AB3CCD4E92CF47F436C6BFCC
2026-04-15T18:13:57.641Z,880,recv,C0FFEE,UNKNOWN,000000,5,4.023035,8EC0FFEE98838DDC544CD8C8DAAE
2026-04-15T18:13:57.741Z,881,recv,FD5595,ENCRYPTED,A1B2C3,2,1.962956,8DFD5595448AA42ACA868FBC6BE8
2026-04-15T18:13:57.842Z,882,recv,810636,ENCRYPTED,7C1D2E,3,2.482371,8B81063662AFAB03D079FEDD3F15
2026-04-15T18:13:57.944Z,883,recv,A58B4D,UNKNOWN,000000,5,3.994340,8BA58B4D9F5A13A4D83FFA359048
2026-04-15T18:13:58.045Z,884,recv,C0FFEE,UNKNOWN,000000,5,4.234049,88C0FFEECC348E0287DE644852ED
2026-04-15T18:13:58.144Z,885,recv,FD5595,ENCRYPTED,A1B2C3,2,2.510399,89FD5595B48014B24378D5A50B44
2026-04-15T18:13:58.244Z,886,recv,0F2CA1,ENCRYPTED,45AB3C,1,0.893656,8C0F2CA192A2DF50BF0142779078
2026-04-15T18:13:58.347Z,887,recv,7C1D2E,UNKNOWN,000000,5,3.639790,8B7C1D2E5D6641ECE62B1A9C305B
2026-04-15T18:13:58.449Z,888,recv,4E311C,ENCRYPTED,C0FFEE,4,3.638780,8D4E311CA0D28D6C40627828CEB9
2026-04-15T18:13:58.550Z,889,recv,A1B2C3,UNKNOWN,000000,5,3.843974,89A1B2C32FCCCD421EA18953C158
2026-04-15T18:13:58.650Z,890,recv,A58B4D,UNKNOWN,000000,5,3.939275,8DA58B4D7FADB2426EE327116F4E
2026-04-15T18:13:58.751Z,891,recv,45AB3C,UNKNOWN,000000,5,4.239880,8945AB3C5FFE0512C74496E800D9
2026-04-15T18:13:58.851Z,892,recv,7C1D2E,UNKNOWN,000000,5,3.890314,8C7C1D2E713F32C0532605A4035B
2026-04-15T18:13:58.950Z,893,recv,0F2CA1,ENCRYPTED,45AB3C,1,1.126777,880F2CA1E0949801DD495398D711
2026-04-15T18:13:59.052Z,894,recv,FD5595,ENCRYPTED,A1B2C3,2,1.938007,8CFD55954C788C27D747922D9658
2026-04-15T18:13:59.152Z,895,recv,0F2CA1,ENCRYPTED,45AB3C,1,1.224986,890F2CA118EDABA2A970CBB72B57
2026-04-15T18:13:59.256Z,896,recv,9D803E,ENCRYPTED,A58B4D,5,3.826145,8E9D803E40DCF7E81685A57EC9C0
2026-04-15T18:13:59.357Z,897,recv,45AB3C,UNKNOWN,000000,5,3.903838,8D45AB3CB2F5B143DAC31D302585
2026-04-15T18:13:59.458Z,898,recv,7283A2,UNKNOWN,000000,5,3.797744,8F7283A2A7B4FE5F88444CF21B4C
2026-04-15T18:13:59.560Z,899,recv,F45CB1,UNKNOWN,000000,5,4.577675,88F45CB1CBB6CABADE250C817A8D
2026-04-15T18:13:59.661Z,900,recv,AB4D8D,UNKNOWN,000000,5,4.571631,8EAB4D8D2C03FF02761E91E8B289
2026-04-15T18:13:59.762Z,901,recv,7283A2,UNKNOWN,000000,5,4.300919,897283A2CDFD5DEA7728D3B9C2E8
2026-04-15T18:13:59.863Z,902,recv,F45CB1,UNKNOWN,000000,5,3.967815,8AF45CB14916B2514FE1B43CA941
2026-04-15T18:13:59.963Z,903,recv,C0FFEE,UNKNOWN,000000,5,3.754956,88C0FFEE8AA98E2814E7DABE9639
2026-04-15T18:14:00.064Z,904,recv,C0FFEE,UNKNOWN,000000,5,4.023672,88C0FFEE49ED63936325A4F2735D
2026-04-15T18:14:00.165Z,905,recv,A58B4D,UNKNOWN,000000,5,4.149557,8BA58B4D7EA06387F3BD899AC712
2026-04-15T18:14:00.265Z,906,recv,57564B,ENCRYPTED,C0FFEE,4,3.138072,8B57564BCD38D63CA40870E73728
2026-04-15T18:14:00.366Z,907,recv,612512,ENCRYPTED,7C1D2E,3,2.674374,896125128A00688D762752AEA65A
2026-04-15T18:14:00.469Z,908,recv,A58B4D,UNKNOWN,000000,5,4.840799,8CA58B4D8B423A3B84115BF5F5A8
2026-04-15T18:14:00.568Z,909,recv,612512,ENCRYPTED,7C1D2E,3,2.670455,8D612512B529FC66ACDDA4C1AB5B
2026-04-15T18:14:00.670Z,910,recv,A58B4D,UNKNOWN,000000,5,3.809973,8BA58B4D2D3B59A65B3DE70DF1D3
2026-04-15T18:14:00.770Z,911,recv,7C1D2E,UNKNOWN,000000,5,3.811361,8E7C1D2E8C4DBE9840F9BA145D93
2026-04-15T18:14:00.871Z,912,recv,7C1D2E,UNKNOWN,000000,5,4.417441,8A7C1D2E439FEFCD2FBAED3A31C5
2026-04-15T18:14:00.971Z,913,recv,A1B2C3,UNKNOWN,000000,5,3.836224,88A1B2C3227D03F53E3F567E5544
2026-04-15T18:14:01.072Z,914,recv,45AB3C,UNKNOWN,000000,5,3.782959,8D45AB3C84E2AB83F60712AF0263
2026-04-15T18:14:01.172Z,915,recv,45AB3C,UNKNOWN,000000,5,3.924736,8B45AB3CB664CF31739F1B01DBFE
2026-04-15T18:14:01.273Z,916,recv,45AB3C,UNKNOWN,000000,5,4.010118,8F45AB3C6F96B0D763DDC1C1C67E
2026-04-15T18:14:01.372Z,917,recv,F45CB1,ENCRYPTED,A1B2C3,2,1.860931,8BF45CB1ACAAEE9972E4967E9597
2026-04-15T18:14:01.475Z,918,recv,A1B2C3,UNKNOWN,000000,5,4.048503,8AA1B2C3BE4092235A521689B054
2026-04-15T18:14:01.575Z,919,recv,A1B2C3,UNKNOWN,000000,5,3.791335,8DA1B2C339AF8639A8933E9C99F3
2026-04-15T18:14:01.675Z,920,recv,612512,ENCRYPTED,7C1D2E,3,2.522659,8B612512C8FBF946206D67C1584D
2026-04-15T18:14:01.777Z,921,recv,57564B,ENCRYPTED,C0FFEE,4,3.259660,8A57564BEEDFEDCD1E98849D070D
2026-04-15T18:14:01.878Z,922,recv,A1B2C3,UNKNOWN,000000,5,3.810616,8EA1B2C3FACA04074D22E669835B
2026-04-15T18:14:01.979Z,923,recv,A58B4D,UNKNOWN,000000,5,4.015447,8CA58B4D91B091D4886E9E0D01C0
2026-04-15T18:14:02.079Z,924,recv,A1B2C3,UNKNOWN,000000,5,3.861964,8FA1B2C34BDCC9758B70EDF41001
2026-04-15T18:14:02.179Z,925,recv,F45CB1,ENCRYPTED,A1B2C3,2,1.959973,8EF45CB171E258914B692CBFB7E0
2026-04-15T18:14:02.279Z,926,recv,AB4D8D,ENCRYPTED,45AB3C,1,1.303872,8DAB4D8DF7FF846F4E87C0528FF3
2026-04-15T18:14:02.383Z,927,recv,7283A2,ENCRYPTED,A58B4D,5,3.840324,8B7283A2098AFDE7DE27ABB7349A
2026-04-15T18:14:02.483Z,928,recv,57564B,ENCRYPTED,C0FFEE,4,2.968734,8F57564B84FB6BC61C2D6F3DC6ED
2026-04-15T18:14:02.584Z,929,recv,F45CB1,ENCRYPTED,A1B2C3,2,1.832518,89F45CB10A9F5E0CA69CDE53AE3F
2026-04-15T18:14:02.686Z,930,recv,A1B2C3,UNKNOWN,000000,5,3.873850,89A1B2C32A99C443C9384AECFC0A
2026-04-15T18:14:02.786Z,931,recv,7C1D2E,UNKNOWN,000000,5,3.808574,8A7C1D2E742F1B41EB702404E6F0
2026-04-15T18:14:02.887Z,932,recv,45AB3C,UNKNOWN,000000,5,3.895270,8A45AB3C0CDB6930DDABFF39C563
2026-04-15T18:14:02.988Z,933,recv,7283A2,ENCRYPTED,A58B4D,5,4.019090,8F7283A2783719B732B48212C3FC
2026-04-15T18:14:03.089Z,934,recv,A1B2C3,UNKNOWN,000000,5,3.820722,8DA1B2C3FFBAB4E5B62C0FA5FF86
2026-04-15T18:14:03.190Z,935,recv,7283A2,ENCRYPTED,A58B4D,5,3.853135,8D7283A22339FF98426EF0208E7B
2026-04-15T18:14:03.290Z,936,recv,612512,ENCRYPTED,7C1D2E,3,2.510788,88612512EAA495E7C5ECFD9BBDA7
2026-04-15T18:14:03.392Z,937,recv,57564B,ENCRYPTED,C0FFEE,4,3.225404,8F57564B28181D1D6C45708D9E1F
2026-04-15T18:14:03.493Z,938,recv,7C1D2E,UNKNOWN,000000,5,3.824908,8E7C1D2EA305D060E5CABDB5E706
2026-04-15T18:14:03.595Z,939,recv,7283A2,ENCRYPTED,A58B4D,5,3.795700,897283A2C36F4581B3FE186483C9
2026-04-15T18:14:03.695Z,940,recv,45AB3C,UNKNOWN,000000,5,4.036520,8E45AB3CB66633A8A667155EF193
2026-04-15T18:14:03.794Z,941,recv,F45CB1,ENCRYPTED,A1B2C3,2,1.895159,8EF45CB17E529C87D503E39D6750
2026-04-15T18:14:03.897Z,942,recv,45AB3C,UNKNOWN,000000,5,3.935528,8E45AB3C82E703DFBA3B8A16C9FD
2026-04-15T18:14:03.998Z,943,recv,45AB3C,UNKNOWN,000000,5,4.085678,8B45AB3C2F5F74D7AADDA34D46AA
2026-04-15T18:14:04.098Z,944,recv,45AB3C,UNKNOWN,000000,5,3.833093,8D45AB3CA4528A04C4CE2EA70EF9
2026-04-15T18:14:04.198Z,945,recv,C0FFEE,UNKNOWN,000000,5,3.910410,8FC0FFEE35206C3B6A2205DBDA2B
2026-04-15T18:14:04.299Z,946,recv,7C1D2E,UNKNOWN,000000,5,4.227002,8C7C1D2ED94429E96F7655AF5757
2026-04-15T18:14:04.397Z,947,recv,AB4D8D,ENCRYPTED,45AB3C,1,1.167065,8BAB4D8D1438AA88D7A4F0E11879
2026-04-15T18:14:04.501Z,948,recv,01EBF9,UNKNOWN,000000,5,3.901197,8D01EBF9190C200E423B51EB380B
2026-04-15T18:14:04.603Z,949,recv,7CF69D,UNKNOWN,000000,5,3.902907,8D7CF69D515455567806D2B34402
2026-04-15T18:14:04.703Z,950,recv,A58B4D,UNKNOWN,000000,5,3.699049,8EA58B4DBA03FB7EBECB46D63F2C
2026-04-15T18:14:04.804Z,951,recv,01EBF9,UNKNOWN,000000,5,3.780224,8B01EBF9C9159BB784B07097882D
2026-04-15T18:14:04.906Z,952,recv,7CF69D,UNKNOWN,000000,5,3.905532,887CF69DA7619DB8A1140F7B5429
2026-04-15T18:14:05.004Z,953,recv,7CF69D,ENCRYPTED,45AB3C,1,0.951988,887CF69D7CBEA876F6C00EAFACFF
2026-04-15T18:14:05.107Z,954,recv,C0FFEE,UNKNOWN,000000,5,3.861535,8CC0FFEEE81B3A7DB10452BDCCC2
2026-04-15T18:14:05.206Z,955,recv,7CF69D,ENCRYPTED,45AB3C,1,1.064549,8B7CF69D5C439B5D3DA694F9F290
2026-04-15T18:14:05.309Z,956,recv,7C1D2E,UNKNOWN,000000,5,3.582655,8A7C1D2E3E20B3365ACC68B843F2
2026-04-15T18:14:05.409Z,957,recv,E55D2F,ENCRYPTED,7C1D2E,3,2.457355,8BE55D2F9107F818C2CC645B4464
2026-04-15T18:14:05.511Z,958,recv,01EBF9,ENCRYPTED,C0FFEE,4,3.182996,8901EBF9D59C2B6A09422F02CB22
2026-04-15T18:14:05.613Z,959,recv,7C1D2E,UNKNOWN,000000,5,3.903854,8F7C1D2E468A499E906BE4839DA2
2026-04-15T18:14:05.711Z,960,recv,7CF69D,ENCRYPTED,45AB3C,1,1.147222,8E7CF69DBE00EB102E0A797B964E
2026-04-15T18:14:05.814Z,961,recv,C0FFEE,UNKNOWN,000000,5,3.908072,8DC0FFEED3A1BD7EB576080F3C02
2026-04-15T18:14:05.914Z,962,recv,536D7E,ENCRYPTED,A1B2C3,2,2.121981,8A536D7EF44ADF849D46290AAF6A
2026-04-15T18:14:06.016Z,963,recv,344C31,ENCRYPTED,A58B4D,5,3.776281,8D344C31E2C0DE1CEF47B4299C47
2026-04-15T18:14:06.116Z,964,recv,536D7E,ENCRYPTED,A1B2C3,2,1.947177,89536D7E86589888075DF414BBEE
2026-04-15T18:14:06.218Z,965,recv,A58B4D,UNKNOWN,000000,5,3.838756,8CA58B4D2D01F46DB13260F72073
2026-04-15T18:14:06.319Z,966,recv,A1B2C3,UNKNOWN,000000,5,4.011944,8EA1B2C3D8E2E54A2B0936BA04DF
2026-04-15T18:14:06.419Z,967,recv,A1B2C3,UNKNOWN,000000,5,3.860123,8AA1B2C37084C6F28BA04CF6B43D
2026-04-15T18:14:06.517Z,968,recv,7CF69D,ENCRYPTED,45AB3C,1,1.113846,887CF69DE5DD762DDC1468A4D55F
2026-04-15T18:14:06.621Z,969,recv,E55D2F,ENCRYPTED,7C1D2E,3,3.277901,8EE55D2F208E99B52DB085E7613A
2026-04-15T18:14:06.725Z,970,recv,45AB3C,UNKNOWN,000000,5,6.838201,8845AB3C1A94482AD645BE7DEB1C
2026-04-15T18:14:06.821Z,971,recv,7CF69D,ENCRYPTED,45AB3C,1,1.334000,8A7CF69D58B02368439E6D115078
2026-04-15T18:14:06.924Z,972,recv,A58B4D,UNKNOWN,000000,5,3.920975,88A58B4D2CA27C209444A0317031
2026-04-15T18:14:07.024Z,973,recv,A58B4D,UNKNOWN,000000,5,3.820218,8EA58B4D689B0A6B655291E8EF4B
2026-04-15T18:14:07.123Z,974,recv,7CF69D,ENCRYPTED,45AB3C,1,1.237946,8C7CF69D89F3663412DE3106ADA8
2026-04-15T18:14:07.226Z,975,recv,A1B2C3,UNKNOWN,000000,5,3.892706,89A1B2C3D8C5EA4018923A301C2D
2026-04-15T18:14:07.327Z,976,recv,01EBF9,ENCRYPTED,C0FFEE,4,3.495504,8D01EBF96DC97D5D2F11889585DF
2026-04-15T18:14:07.428Z,977,recv,C0FFEE,UNKNOWN,000000,5,3.844987,8BC0FFEEDFBC5B1E701B88284228
2026-04-15T18:14:07.529Z,978,recv,01EBF9,ENCRYPTED,C0FFEE,4,3.367906,8901EBF94A066DF4A338E4784CF1
2026-04-15T18:14:07.629Z,979,recv,E55D2F,ENCRYPTED,7C1D2E,3,2.674838,8AE55D2F1A5F0E225E5E8C23EAC7
2026-04-15T18:14:07.731Z,980,recv,45AB3C,UNKNOWN,000000,5,3.886700,8C45AB3C572EB204B27FDFF7B315
2026-04-15T18:14:07.832Z,981,recv,45AB3C,UNKNOWN,000000,5,4.113543,8B45AB3C66C6C1E92098CAF72CC6
2026-04-15T18:14:07.932Z,982,recv,A1B2C3,UNKNOWN,000000,5,3.871550,88A1B2C36D26DE5651F8A0681C70
2026-04-15T18:14:08.033Z,983,recv,01EBF9,ENCRYPTED,C0FFEE,4,3.328633,8F01EBF9426CDCBA9729D185B3ED
2026-04-15T18:14:08.134Z,984,recv,01EBF9,ENCRYPTED,C0FFEE,4,3.493598,8E01EBF9E76ECA2F40E3A00E3F3C
2026-04-15T18:14:08.233Z,985,recv,7CF69D,ENCRYPTED,45AB3C,1,1.084453,887CF69D9A7098036A5E67B4B3BC
2026-04-15T18:14:08.336Z,986,recv,01EBF9,ENCRYPTED,C0FFEE,4,3.141873,8901EBF932079D58D0F5983B578B
2026-04-15T18:14:08.437Z,987,recv,E55D2F,ENCRYPTED,7C1D2E,3,2.468194,8DE55D2F69D7A581E79B5D79EAAD
2026-04-15T18:14:08.538Z,988,recv,E55D2F,ENCRYPTED,7C1D2E,3,2.428205,8DE55D2FAB9C2F36C522976CA220
2026-04-15T18:14:08.640Z,989,recv,A58B4D,UNKNOWN,000000,5,3.834656,89A58B4D9AB8B7D84FF3D3184011
2026-04-15T18:14:08.741Z,990,recv,7C1D2E,UNKNOWN,000000,5,4.175466,887C1D2E627BF76BFD9AB43AB85B
2026-04-15T18:14:08.841Z,991,recv,7C1D2E,UNKNOWN,000000,5,4.020535,8A7C1D2EBD6EB889D08EC21CDD76
2026-04-15T18:14:08.941Z,992,recv,A58B4D,UNKNOWN,000000,5,3.791246,89A58B4D55618F3FDB79118B31B0
2026-04-15T18:14:09.043Z,993,recv,344C31,ENCRYPTED,A58B4D,5,3.832663,89344C31AAB9B70B54237D7B696C
2026-04-15T18:14:09.144Z,994,recv,344C31,ENCRYPTED,A58B4D,5,3.872096,8E344C316CA285024A94F87C0783
2026-04-15T18:14:09.245Z,995,recv,344C31,ENCRYPTED,A58B4D,5,3.874124,8C344C3199B8172892590CB054F1
2026-04-15T18:14:09.346Z,996,recv,01EBF9,ENCRYPTED,C0FFEE,4,3.175186,8901EBF92FDA06B12AACFC323C39
2026-04-15T18:14:09.448Z,997,recv,0DE79A,UNKNOWN,000000,5,3.867470,8A0DE79AAF51B532E4001197406B
2026-04-15T18:14:09.550Z,998,recv,242340,UNKNOWN,000000,5,3.965666,8C24234080A3AA29772B837C8716
2026-04-15T18:14:09.650Z,999,recv,242340,UNKNOWN,000000,5,3.703766,8B242340EA46EB3C7B8DB0EDC5FB
2026-04-15T18:14:09.752Z,1000,recv,A58B4D,UNKNOWN,000000,5,4.836982,8AA58B4D37C72EBF7532C6C36E20
